nome_do_anuncio,nome_do_conjunto_de_anuncios,identificacao_da_campanha,veiculacao_do_anuncio,alcance,impressoes,frequencia,tipo_de_resultado,resultados,custo_por_resultado,valor_gasto_brl,cpm_custo_por_1_000_impressoes,cliques_no_link,cpc_custo_por_clique_no_link,ctr_taxa_de_cliques_no_link,inicio_dos_relatorios,termino_dos_relatorios,termino
"Publicação: """"Conheça o projeto da ONG Transparência Brasil que pode agilizar a entrega de creches e escolas p..."""" - Envolvimento",VÍDEO Tá de Pé Facebook,23842610280520620,not_delivering,327834,588360,1.7946887754168,Envolvimento com a publicação,100611,0.016399797238871,1650,2.80440547,84,19.64285714,0.014276973281664,2017-08-13,2019-02-15,
Tráfego Carrossel 1,Carrossel 1,23842606724770620,not_delivering,163191,298977,1.8320679449234,Cliques no link,9561,0.11505072691141,1100,3.67921278,9561,0.11505073,3.1979048555575,2017-08-13,2019-02-15,42979
Carrossel - Instalações do aplicativo Pixel,Carrossel - Tá de Pé - Pixel,23842624516340620,not_delivering,129328,197218,1.5249443276011,Instalações do aplicativo para celular,201,2.4875621890547,500,2.53526554,4066,0.12297098,2.0616779401475,2017-08-13,2019-02-15,43008
Instalações do aplicativo_Ta de Pé Baixar,Carrossel Baixar_APP Tá de Pé,23842618715890620,not_delivering,55751,89334,1.6023748452943,"",,,412.61,4.61873419,4195,0.09835757,4.6958604786531,2017-08-13,2019-02-15,43008
"Publicação: """"Quer pressionar o governo a entregar aquela obra...""""","Publicação: """"Quer pressionar o governo a entregar aquela obra...""""",23842605824370620,archived,15196,17176,1.1302974466965,Envolvimento com a publicação,4001,0.078752811797051,315.09,18.34478342,5,63.018,0.029110386585934,2017-08-13,2019-02-15,
Transparência Brasil - Visualizações do vídeo,GIF 1,23842609585410620,not_delivering,75396,90063,1.1945328664651,Visualizações do vídeo por no minimo 3 segundos,18673,0.016065977614738,300,3.33100163,50,6,0.055516693869847,2017-08-13,2019-02-15,42973
"Publicação: """"Chega de obra que não sai. Isso mesmo. Baixe o...""""","Publicação: """"Chega de obra que não sai. Isso mesmo. Baixe o...""""",23842612938290620,not_delivering,19078,22989,1.205000524164,Envolvimento com a publicação,5262,0.057012542759407,300,13.04971943,3,100,0.013049719431032,2017-08-13,2019-02-15,
"Publicação: """"Todo dia você passa e nada da escola ou creche...""""","Publicação: """"Todo dia você passa e nada da escola ou creche...""""",23842610692490620,not_delivering,14407,17916,1.2435621572847,Envolvimento com a publicação,4701,0.063816209317167,300,16.74480911,7,42.85714286,0.039071221254744,2017-08-13,2019-02-15,
"Publicação: """"Você sabia que 46% das obras de creches e escolas...""""","Publicação: """"Você sabia que 46% das obras de creches e escolas...""""",23842608192450620,not_delivering,19107,22213,1.1625582247344,Envolvimento com a publicação,5303,0.056571751838582,300,13.50560483,1,300,0.0045018682753343,2017-08-13,2019-02-15,
"Publicação: """"Sabia que tem mais de 800 obras de escolas e creches no Maranhão? Use o APP Tá de Pé e pressione..."""" - Envolvimento",Envolvimento Maranhão,23842645718010620,not_delivering,10382,13565,1.3065883259488,Envolvimento com a publicação,3224,0.077543424317618,250,18.42978253,67,3.73134328,0.49391817176557,2017-08-13,2019-02-15,
Default Name - Instalações do aplicativo,Instalações iOS - CENTRO,23842710800370620,not_delivering,14289,24255,1.6974595842956,Instalações do aplicativo para celular,3,83.333333333333,250,10.30715316,36,6.94444444,0.14842300556586,2017-08-13,2019-02-15,42978
Default Name - Instalações do aplicativo,Instalações iOS - CENTRO,23842710800370620,not_delivering,14289,24255,1.6974595842956,Instalações do aplicativo para celular,3,83.333333333333,250,10.30715316,36,6.94444444,0.14842300556586,2017-08-13,2019-02-15,43145
Default Name - Instalações do aplicativo,Instalações iOS - CENTRO,23842710800370620,not_delivering,14289,24255,1.6974595842956,Instalações do aplicativo para celular,3,83.333333333333,250,10.30715316,36,6.94444444,0.14842300556586,2017-08-13,2019-02-15,43145
Default Name - Instalações do aplicativo,Instalações iOS - CENTRO,23842710800370620,not_delivering,14289,24255,1.6974595842956,Instalações do aplicativo para celular,3,83.333333333333,250,10.30715316,36,6.94444444,0.14842300556586,2017-08-13,2019-02-15,43145
Default Name - Instalações do aplicativo,Instalações iOS - CENTRO,23842710800370620,not_delivering,14289,24255,1.6974595842956,Instalações do aplicativo para celular,3,83.333333333333,250,10.30715316,36,6.94444444,0.14842300556586,2017-08-13,2019-02-15,43145
Default Name - Instalações do aplicativo,Instalações iOS - CENTRO,23842710800370620,not_delivering,14289,24255,1.6974595842956,Instalações do aplicativo para celular,3,83.333333333333,250,10.30715316,36,6.94444444,0.14842300556586,2017-08-13,2019-02-15,43145
Default Name - Instalações do aplicativo,Instalações iOS - CENTRO,23842710800370620,not_delivering,14289,24255,1.6974595842956,Instalações do aplicativo para celular,3,83.333333333333,250,10.30715316,36,6.94444444,0.14842300556586,2017-08-13,2019-02-15,43169
Default Name - Instalações do aplicativo,Instalações iOS - CENTRO,23842710800370620,not_delivering,14289,24255,1.6974595842956,Instalações do aplicativo para celular,3,83.333333333333,250,10.30715316,36,6.94444444,0.14842300556586,2017-08-13,2019-02-15,43176
Instalações do aplicativo TDP / Brasil Região Norte,Instalação APP TDP / Brasil - Região Norte,23842633793570620,not_delivering,53398,81493,1.5261433012472,Instalações do aplicativo para celular,136,1.8382352941176,250,3.06774815,2336,0.10702055,2.8665038714982,2017-08-13,2019-02-15,43043
Default Name - Instalações do aplicativo,Instalações iOS - NORTE,23842710799490620,not_delivering,24105,31901,1.3234183779299,Instalações do aplicativo para celular,7,35.714285714286,250,7.83674493,61,4.09836066,0.19121657628288,2017-08-13,2019-02-15,42978
Default Name - Instalações do aplicativo,Instalações iOS - NORTE,23842710799490620,not_delivering,24105,31901,1.3234183779299,Instalações do aplicativo para celular,7,35.714285714286,250,7.83674493,61,4.09836066,0.19121657628288,2017-08-13,2019-02-15,43145
Default Name - Instalações do aplicativo,Instalações iOS - NORTE,23842710799490620,not_delivering,24105,31901,1.3234183779299,Instalações do aplicativo para celular,7,35.714285714286,250,7.83674493,61,4.09836066,0.19121657628288,2017-08-13,2019-02-15,43145
Default Name - Instalações do aplicativo,Instalações iOS - NORTE,23842710799490620,not_delivering,24105,31901,1.3234183779299,Instalações do aplicativo para celular,7,35.714285714286,250,7.83674493,61,4.09836066,0.19121657628288,2017-08-13,2019-02-15,43145
Default Name - Instalações do aplicativo,Instalações iOS - NORTE,23842710799490620,not_delivering,24105,31901,1.3234183779299,Instalações do aplicativo para celular,7,35.714285714286,250,7.83674493,61,4.09836066,0.19121657628288,2017-08-13,2019-02-15,43145
Default Name - Instalações do aplicativo,Instalações iOS - NORTE,23842710799490620,not_delivering,24105,31901,1.3234183779299,Instalações do aplicativo para celular,7,35.714285714286,250,7.83674493,61,4.09836066,0.19121657628288,2017-08-13,2019-02-15,43145
Default Name - Instalações do aplicativo,Instalações iOS - NORTE,23842710799490620,not_delivering,24105,31901,1.3234183779299,Instalações do aplicativo para celular,7,35.714285714286,250,7.83674493,61,4.09836066,0.19121657628288,2017-08-13,2019-02-15,43169
Default Name - Instalações do aplicativo,Instalações iOS - NORTE,23842710799490620,not_delivering,24105,31901,1.3234183779299,Instalações do aplicativo para celular,7,35.714285714286,250,7.83674493,61,4.09836066,0.19121657628288,2017-08-13,2019-02-15,43176
Tráfego iOS,Tráfego iOS,23842719275370620,not_delivering,21892,62166,2.8396674584323,Cliques no link,316,0.79113924050633,250,4.02149085,316,0.79113924,0.50831644307178,2017-08-13,2019-02-15,43151
Default Name - Instalações do aplicativo,Instalações iOS - NE,23842710795710620,not_delivering,18767,25232,1.3444876645175,Instalações do aplicativo para celular,12,20.833333333333,250,9.90805327,34,7.35294118,0.13474952441344,2017-08-13,2019-02-15,42978
Default Name - Instalações do aplicativo,Instalações iOS - NE,23842710795710620,not_delivering,18767,25232,1.3444876645175,Instalações do aplicativo para celular,12,20.833333333333,250,9.90805327,34,7.35294118,0.13474952441344,2017-08-13,2019-02-15,43145
Default Name - Instalações do aplicativo,Instalações iOS - NE,23842710795710620,not_delivering,18767,25232,1.3444876645175,Instalações do aplicativo para celular,12,20.833333333333,250,9.90805327,34,7.35294118,0.13474952441344,2017-08-13,2019-02-15,43145
Default Name - Instalações do aplicativo,Instalações iOS - NE,23842710795710620,not_delivering,18767,25232,1.3444876645175,Instalações do aplicativo para celular,12,20.833333333333,250,9.90805327,34,7.35294118,0.13474952441344,2017-08-13,2019-02-15,43145
Default Name - Instalações do aplicativo,Instalações iOS - NE,23842710795710620,not_delivering,18767,25232,1.3444876645175,Instalações do aplicativo para celular,12,20.833333333333,250,9.90805327,34,7.35294118,0.13474952441344,2017-08-13,2019-02-15,43145
Default Name - Instalações do aplicativo,Instalações iOS - NE,23842710795710620,not_delivering,18767,25232,1.3444876645175,Instalações do aplicativo para celular,12,20.833333333333,250,9.90805327,34,7.35294118,0.13474952441344,2017-08-13,2019-02-15,43145
Default Name - Instalações do aplicativo,Instalações iOS - NE,23842710795710620,not_delivering,18767,25232,1.3444876645175,Instalações do aplicativo para celular,12,20.833333333333,250,9.90805327,34,7.35294118,0.13474952441344,2017-08-13,2019-02-15,43169
Default Name - Instalações do aplicativo,Instalações iOS - NE,23842710795710620,not_delivering,18767,25232,1.3444876645175,Instalações do aplicativo para celular,12,20.833333333333,250,9.90805327,34,7.35294118,0.13474952441344,2017-08-13,2019-02-15,43176
Instalações do APP TDP / Brasil – Região SUDESTE,Instalações do APP TDP / Brasil – Região SUDESTE,23842633905230620,rejected,58467,80506,1.3769476798878,Instalações do aplicativo para celular,156,1.6025641025641,250,3.10535861,2162,0.11563367,2.6855141231709,2017-08-13,2019-02-15,43035
Instalações do APP TDP / Brasil – Região NORDESTE,Instalações do APP TDP / Brasil - Região Nordeste,23842633815100620,not_delivering,68819,92206,1.3398334762202,Instalações do aplicativo para celular,133,1.8796992481203,250,2.7113203,2444,0.10229133,2.6505867297139,2017-08-13,2019-02-15,43035
Default Name - Instalações do aplicativo,Instalações iOS - SE,23842710795080620,not_delivering,15608,23500,1.5056381342901,Instalações do aplicativo para celular,6,41.666666666667,250,10.63829787,47,5.31914894,0.2,2017-08-13,2019-02-15,42978
Default Name - Instalações do aplicativo,Instalações iOS - SE,23842710795080620,not_delivering,15608,23500,1.5056381342901,Instalações do aplicativo para celular,6,41.666666666667,250,10.63829787,47,5.31914894,0.2,2017-08-13,2019-02-15,43145
Default Name - Instalações do aplicativo,Instalações iOS - SE,23842710795080620,not_delivering,15608,23500,1.5056381342901,Instalações do aplicativo para celular,6,41.666666666667,250,10.63829787,47,5.31914894,0.2,2017-08-13,2019-02-15,43145
Default Name - Instalações do aplicativo,Instalações iOS - SE,23842710795080620,not_delivering,15608,23500,1.5056381342901,Instalações do aplicativo para celular,6,41.666666666667,250,10.63829787,47,5.31914894,0.2,2017-08-13,2019-02-15,43145
Default Name - Instalações do aplicativo,Instalações iOS - SE,23842710795080620,not_delivering,15608,23500,1.5056381342901,Instalações do aplicativo para celular,6,41.666666666667,250,10.63829787,47,5.31914894,0.2,2017-08-13,2019-02-15,43145
Default Name - Instalações do aplicativo,Instalações iOS - SE,23842710795080620,not_delivering,15608,23500,1.5056381342901,Instalações do aplicativo para celular,6,41.666666666667,250,10.63829787,47,5.31914894,0.2,2017-08-13,2019-02-15,43145
Default Name - Instalações do aplicativo,Instalações iOS - SE,23842710795080620,not_delivering,15608,23500,1.5056381342901,Instalações do aplicativo para celular,6,41.666666666667,250,10.63829787,47,5.31914894,0.2,2017-08-13,2019-02-15,43169
Default Name - Instalações do aplicativo,Instalações iOS - SE,23842710795080620,not_delivering,15608,23500,1.5056381342901,Instalações do aplicativo para celular,6,41.666666666667,250,10.63829787,47,5.31914894,0.2,2017-08-13,2019-02-15,43176
Default Name - Instalações do aplicativo,Instalações iOS - SUL,23842710796250620,not_delivering,17119,26688,1.5589695659793,Instalações do aplicativo para celular,6,41.666666666667,250,9.367506,48,5.20833333,0.17985611510791,2017-08-13,2019-02-15,42978
Default Name - Instalações do aplicativo,Instalações iOS - SUL,23842710796250620,not_delivering,17119,26688,1.5589695659793,Instalações do aplicativo para celular,6,41.666666666667,250,9.367506,48,5.20833333,0.17985611510791,2017-08-13,2019-02-15,43145
Default Name - Instalações do aplicativo,Instalações iOS - SUL,23842710796250620,not_delivering,17119,26688,1.5589695659793,Instalações do aplicativo para celular,6,41.666666666667,250,9.367506,48,5.20833333,0.17985611510791,2017-08-13,2019-02-15,43145
Default Name - Instalações do aplicativo,Instalações iOS - SUL,23842710796250620,not_delivering,17119,26688,1.5589695659793,Instalações do aplicativo para celular,6,41.666666666667,250,9.367506,48,5.20833333,0.17985611510791,2017-08-13,2019-02-15,43145
Default Name - Instalações do aplicativo,Instalações iOS - SUL,23842710796250620,not_delivering,17119,26688,1.5589695659793,Instalações do aplicativo para celular,6,41.666666666667,250,9.367506,48,5.20833333,0.17985611510791,2017-08-13,2019-02-15,43145
Default Name - Instalações do aplicativo,Instalações iOS - SUL,23842710796250620,not_delivering,17119,26688,1.5589695659793,Instalações do aplicativo para celular,6,41.666666666667,250,9.367506,48,5.20833333,0.17985611510791,2017-08-13,2019-02-15,43145
Default Name - Instalações do aplicativo,Instalações iOS - SUL,23842710796250620,not_delivering,17119,26688,1.5589695659793,Instalações do aplicativo para celular,6,41.666666666667,250,9.367506,48,5.20833333,0.17985611510791,2017-08-13,2019-02-15,43169
Default Name - Instalações do aplicativo,Instalações iOS - SUL,23842710796250620,not_delivering,17119,26688,1.5589695659793,Instalações do aplicativo para celular,6,41.666666666667,250,9.367506,48,5.20833333,0.17985611510791,2017-08-13,2019-02-15,43176
Instalações do APP TDP / Brasil – Região Centro-Oeste,Instalações do APP TDP / Brasil Região - Centro Oeste,23842633853320620,not_delivering,43706,63340,1.4492289388185,Instalações do aplicativo para celular,124,2.0161290322581,250,3.94695295,1934,0.12926577,3.0533628039154,2017-08-13,2019-02-15,43035
Instalações do APP TDP / Brasil – Região SUL,Instalações do APP TDP / Brasil – Região SUL,23842633877730620,not_delivering,45416,64204,1.4136868064118,Instalações do aplicativo para celular,123,1.9908130081301,244.87,3.81393683,1950,0.12557436,3.0371939443025,2017-08-13,2019-02-15,43035
"Publicação: """"Conheça o APP que fiscaliza e cobra as obras de...""""","Publicação: """"Conheça o APP que fiscaliza e cobra as obras de...""""",23842607319550620,not_delivering,13198,16418,1.2439763600546,Envolvimento com a publicação,4312,0.050711966604824,218.67,13.31891826,68,3.21573529,0.41417955902059,2017-08-13,2019-02-15,
"Publicação: """"Há 4 meses a obra da creche Hípica Pinheiro em...""""","Publicação: """"Há 4 meses a obra da creche Hípica Pinheiro em...""""",23842615840840620,not_delivering,7748,9988,1.2891068662881,Envolvimento com a publicação,3715,0.053835800807537,200,20.02402883,2,100,0.020024028834602,2017-08-13,2019-02-15,
Envolvimento Matrícula,BR - 18+,23842726444590620,not_delivering,16831,24613,1.4623611193631,Envolvimento com a publicação,3175,0.062992125984252,200,8.12578719,29,6.89655172,0.11782391419169,2017-08-13,2019-02-15,43170
"Publicação: """"O Tá de Pé é um aplicativo criado para você,...""""","Publicação: """"O Tá de Pé é um aplicativo criado para você,...""""",23842616796250620,not_delivering,7738,10208,1.3192039286637,Envolvimento com a publicação,4068,0.049164208456244,200,19.59247649,,,,2017-08-13,2019-02-15,
"Publicação: """"Faça a sua parte, fiscalize obras de creches e escolas do governo para que não fiquem paradas e ..."""" - Envolvimento",GIF 31_08,23842614366690620,not_delivering,54937,69981,1.2738409450825,Envolvimento com a publicação,12835,0.015582391897156,200,2.85791858,7,28.57142857,0.010002715022649,2017-08-13,2019-02-15,
"Publicação: """"Veja como é simples usar o aplicativo Tá de Pé e...""""","Publicação: """"Veja como é simples usar o aplicativo Tá de Pé e...""""",23842613958300620,not_delivering,7564,9522,1.2588577472237,Envolvimento com a publicação,3598,0.055586436909394,200,21.00399076,6,33.33333333,0.063011972274732,2017-08-13,2019-02-15,
"Publicação: """"A Unidade Proinfância Jardim das Américas em...""""","Publicação: """"A Unidade Proinfância Jardim das Américas em...""""",23842616807290620,not_delivering,7802,10430,1.3368367085363,Envolvimento com a publicação,4105,0.048721071863581,200,19.17545542,1,200,0.0095877277085331,2017-08-13,2019-02-15,
Default Name - Reconhecimento da marca,BR - 20-55,23842780234030620,not_delivering,115102,202140,1.7561814738232,Aumento estimado de lembrança do anúncio (pessoas),2710,0.066420664206642,180,0.89047195,144,1.25,0.071237756010686,2017-08-13,2019-02-15,43212
Default Name - Alcance,BR - 18-64,23842758055060620,not_delivering,121077,132796,1.0967896462582,Alcance,121077,1.4866572511707,180,1.35546251,122,1.47540984,0.091870237055333,2017-08-13,2019-02-15,43197
Default Name - Alcance,BR - 18-64,23842758055060620,not_delivering,121077,132796,1.0967896462582,Alcance,121077,1.4866572511707,180,1.35546251,122,1.47540984,0.091870237055333,2017-08-13,2019-02-15,43200
#3 Jovens - Tráfego,BR - 18+,23842829204970620,not_delivering,42307,59445,1.4050866286903,Cliques no link,388,0.4639175257732,180,3.02800908,388,0.46391753,0.65270418033476,2017-08-13,2019-02-15,43255
Default name - Tráfego,BR - 18+,23842808343510620,not_delivering,49732,62201,1.2507238799968,Cliques no link,771,0.23346303501946,180,2.89384415,771,0.23346304,1.2395299110947,2017-08-13,2019-02-15,43229
Default name - Tráfego,BR - 18+,23842808343510620,not_delivering,49732,62201,1.2507238799968,Cliques no link,771,0.23346303501946,180,2.89384415,771,0.23346304,1.2395299110947,2017-08-13,2019-02-15,43235
Default name - Tráfego,BR - 18+,23842808343510620,not_delivering,49732,62201,1.2507238799968,Cliques no link,771,0.23346303501946,180,2.89384415,771,0.23346304,1.2395299110947,2017-08-13,2019-02-15,43258
Default name - Tráfego,BR - 18+,23842804246610620,not_delivering,20839,39610,1.900762992466,Cliques no link,373,0.48257372654155,180,4.54430699,373,0.48257373,0.94168139358748,2017-08-13,2019-02-15,43229
Default name - Tráfego,BR - 18+,23842804246610620,not_delivering,20839,39610,1.900762992466,Cliques no link,373,0.48257372654155,180,4.54430699,373,0.48257373,0.94168139358748,2017-08-13,2019-02-15,43235
Default name - Tráfego,BR - 18+,23842804246610620,not_delivering,20839,39610,1.900762992466,Cliques no link,373,0.48257372654155,180,4.54430699,373,0.48257373,0.94168139358748,2017-08-13,2019-02-15,43258
"Publicação: """""""" - Envolvimento",BR - 18+,23842791786700620,not_delivering,9286,12143,1.307667456386,Envolvimento com a publicação,2765,0.065099457504521,180,14.82335502,13,13.84615385,0.10705756402866,2017-08-13,2019-02-15,
"Publicação: """""""" - Envolvimento",BR - 18+,23842782115710620,not_delivering,48543,123551,2.5451867416517,Envolvimento com a publicação,28925,0.0062229904926534,180,1.45688825,41,4.3902439,0.033184676773154,2017-08-13,2019-02-15,
"Publicação: """""""" - Envolvimento",BR - 18+,23842813978800620,not_delivering,16122,20414,1.2662200719514,Envolvimento com a publicação,2558,0.070367474589523,180,8.8174782,25,7.2,0.12246497501715,2017-08-13,2019-02-15,
Default name - Tráfego,BR - 18+,23842829199380620,not_delivering,31071,46659,1.5016896784783,Cliques no link,359,0.50139275766017,180,3.85777663,359,0.50139276,0.76941211770505,2017-08-13,2019-02-15,43229
Default name - Tráfego,BR - 18+,23842829199380620,not_delivering,31071,46659,1.5016896784783,Cliques no link,359,0.50139275766017,180,3.85777663,359,0.50139276,0.76941211770505,2017-08-13,2019-02-15,43235
Default name - Tráfego,BR - 18+,23842829199380620,not_delivering,31071,46659,1.5016896784783,Cliques no link,359,0.50139275766017,180,3.85777663,359,0.50139276,0.76941211770505,2017-08-13,2019-02-15,43258
"Publicação: """""""" - Envolvimento",BR - 18+,23842779947310620,not_delivering,5530,7425,1.3426763110307,Envolvimento com a publicação,1954,0.092118730808598,180,24.24242424,8,22.5,0.10774410774411,2017-08-13,2019-02-15,
Default Name - Alcance,BR - 18-35,23842763304470620,not_delivering,154973,204655,1.3205848760752,Alcance,154973,1.1614926471063,180,0.87952896,157,1.14649682,0.076714470694584,2017-08-13,2019-02-15,43197
Default Name - Alcance,BR - 18-35,23842763304470620,not_delivering,154973,204655,1.3205848760752,Alcance,154973,1.1614926471063,180,0.87952896,157,1.14649682,0.076714470694584,2017-08-13,2019-02-15,43200
Reconhecimento da marca - Tádepé,BR - 25-64,23842749308000620,not_delivering,45753,74181,1.621336305816,Aumento estimado de lembrança do anúncio (pessoas),3340,0.053892215568862,180,2.42649735,101,1.78217822,0.13615346247691,2017-08-13,2019-02-15,43187
Default Name - Instalações do aplicativo,GIF Instalações App - Android,23842734598710620,not_delivering,15895,21730,1.3670965712488,Instalações do aplicativo para celular,82,2.1951219512195,180,8.28347906,157,1.14649682,0.72250345144961,2017-08-13,2019-02-15,42978
Default Name - Instalações do aplicativo,GIF Instalações App - Android,23842734598710620,not_delivering,15895,21730,1.3670965712488,Instalações do aplicativo para celular,82,2.1951219512195,180,8.28347906,157,1.14649682,0.72250345144961,2017-08-13,2019-02-15,43145
Default Name - Instalações do aplicativo,GIF Instalações App - Android,23842734598710620,not_delivering,15895,21730,1.3670965712488,Instalações do aplicativo para celular,82,2.1951219512195,180,8.28347906,157,1.14649682,0.72250345144961,2017-08-13,2019-02-15,43145
Default Name - Instalações do aplicativo,GIF Instalações App - Android,23842734598710620,not_delivering,15895,21730,1.3670965712488,Instalações do aplicativo para celular,82,2.1951219512195,180,8.28347906,157,1.14649682,0.72250345144961,2017-08-13,2019-02-15,43145
Default Name - Instalações do aplicativo,GIF Instalações App - Android,23842734598710620,not_delivering,15895,21730,1.3670965712488,Instalações do aplicativo para celular,82,2.1951219512195,180,8.28347906,157,1.14649682,0.72250345144961,2017-08-13,2019-02-15,43145
Default Name - Instalações do aplicativo,GIF Instalações App - Android,23842734598710620,not_delivering,15895,21730,1.3670965712488,Instalações do aplicativo para celular,82,2.1951219512195,180,8.28347906,157,1.14649682,0.72250345144961,2017-08-13,2019-02-15,43145
Default Name - Instalações do aplicativo,GIF Instalações App - Android,23842734598710620,not_delivering,15895,21730,1.3670965712488,Instalações do aplicativo para celular,82,2.1951219512195,180,8.28347906,157,1.14649682,0.72250345144961,2017-08-13,2019-02-15,43169
Default Name - Instalações do aplicativo,GIF Instalações App - Android,23842734598710620,not_delivering,15895,21730,1.3670965712488,Instalações do aplicativo para celular,82,2.1951219512195,180,8.28347906,157,1.14649682,0.72250345144961,2017-08-13,2019-02-15,43176
Default Name - Instalações do aplicativo,GIF Instalações App - iOS,23842740076820620,not_delivering,7639,13466,1.7627961775101,Instalações do aplicativo para celular,39,4.6153846153846,180,13.36699837,86,2.09302326,0.63864547749889,2017-08-13,2019-02-15,42978
Default Name - Instalações do aplicativo,GIF Instalações App - iOS,23842740076820620,not_delivering,7639,13466,1.7627961775101,Instalações do aplicativo para celular,39,4.6153846153846,180,13.36699837,86,2.09302326,0.63864547749889,2017-08-13,2019-02-15,43145
Default Name - Instalações do aplicativo,GIF Instalações App - iOS,23842740076820620,not_delivering,7639,13466,1.7627961775101,Instalações do aplicativo para celular,39,4.6153846153846,180,13.36699837,86,2.09302326,0.63864547749889,2017-08-13,2019-02-15,43145
Default Name - Instalações do aplicativo,GIF Instalações App - iOS,23842740076820620,not_delivering,7639,13466,1.7627961775101,Instalações do aplicativo para celular,39,4.6153846153846,180,13.36699837,86,2.09302326,0.63864547749889,2017-08-13,2019-02-15,43145
Default Name - Instalações do aplicativo,GIF Instalações App - iOS,23842740076820620,not_delivering,7639,13466,1.7627961775101,Instalações do aplicativo para celular,39,4.6153846153846,180,13.36699837,86,2.09302326,0.63864547749889,2017-08-13,2019-02-15,43145
Default Name - Instalações do aplicativo,GIF Instalações App - iOS,23842740076820620,not_delivering,7639,13466,1.7627961775101,Instalações do aplicativo para celular,39,4.6153846153846,180,13.36699837,86,2.09302326,0.63864547749889,2017-08-13,2019-02-15,43145
Default Name - Instalações do aplicativo,GIF Instalações App - iOS,23842740076820620,not_delivering,7639,13466,1.7627961775101,Instalações do aplicativo para celular,39,4.6153846153846,180,13.36699837,86,2.09302326,0.63864547749889,2017-08-13,2019-02-15,43169
Default Name - Instalações do aplicativo,GIF Instalações App - iOS,23842740076820620,not_delivering,7639,13466,1.7627961775101,Instalações do aplicativo para celular,39,4.6153846153846,180,13.36699837,86,2.09302326,0.63864547749889,2017-08-13,2019-02-15,43176
"GIF """"Cobre a entrega da escola ou creche. Fiscalize você mesmo usando o APP Tá de Pé. É fácil de usar..."""" - Envolvimento",46% das obras de escolas e creches,23842617813320620,not_delivering,35842,38874,1.0845934936666,Envolvimento com a publicação,33942,0.0044193035177656,150,3.85862016,,,,2017-08-13,2019-02-15,
Tráfego GIF Irupi-ES,Trafego Irupi - ES GIF,23842624844200620,not_delivering,32189,37039,1.1506725900152,Cliques no link,43,2.3255813953488,100,2.69985691,43,2.3255814,0.11609384702611,2017-08-13,2019-02-15,43003
Depoimento 1 Hortencia - Tráfego,Depoimento 1 - Hortencia,23842623917180620,not_delivering,11702,14684,1.2548282344898,Cliques no link,34,2.9411764705882,100,6.81013348,34,2.94117647,0.23154453827295,2017-08-13,2019-02-15,43003
E a escola Tá de Pé?,E A ESCOLA TA DE PÉ?,23842621512250620,not_delivering,4441,5394,1.2145913082639,Envolvimento com a publicação,2129,0.046970408642555,100,18.53911754,8,12.5,0.14831294030404,2017-08-13,2019-02-15,42995
EMEI Pelotas-RS Face e Instagram,EMEI Pelotas-RS,23842618114500620,not_delivering,4041,4927,1.2192526602326,Envolvimento com a publicação,2068,0.048355899419729,100,20.29632636,9,11.11111111,0.18266693728435,2017-08-13,2019-02-15,42993
A unidade da EMEI Favo de Mel em Gravataí-RS,EMEI Favo de Mel em Gravataí-RS,23842619022320620,not_delivering,3884,4621,1.1897528321318,Envolvimento com a publicação,1960,0.051020408163265,100,21.64033759,12,8.33333333,0.2596840510712,2017-08-13,2019-02-15,42993
"Publicação: """"Conheça o projeto da ONG Transparência Brasil que pode agilizar a entrega de creches e escolas p..."""" - Envolvimento",VÍDEO - Tá de Pé Facebook fixo,23842610280520620,inactive,23722,25260,1.0648343310008,Envolvimento com a publicação,3880,0.019811855670103,76.87,3.04315123,6,12.81166667,0.02375296912114,2017-08-13,2019-02-15,
"Publicação: """"Veja como é simples usar o aplicativo Tá de Pé e...""""","Publicação: """"Veja como é simples usar o aplicativo Tá de Pé e...""""",23842612304580620,not_delivering,6773,7257,1.071460209656,Envolvimento com a publicação,1837,0.041535111594992,76.3,10.5139865,1,76.3,0.013779798814937,2017-08-13,2019-02-15,
Tráfego - Atraso na entrega da escola. Diga Não!,Atraso na entrega da escola. Diga não!,23842627074040620,not_delivering,11986,13295,1.1092107458702,Cliques no link,5,10,50,3.76081234,5,10,0.037608123354645,2017-08-13,2019-02-15,43008
Matéria O Globo - RJ Face e Instagram,Materia O Globo - Publico RJ,23842623269570620,not_delivering,1553,1693,1.0901481004507,Envolvimento com a publicação,588,0.085034013605442,50,29.53337271,8,6.25,0.47253396337862,2017-08-13,2019-02-15,42999
"Tráfego - Professor, dê uma aula de cidadania.","Trafego - Professor,  dê uma aula de cidadania.",23842626009220620,not_delivering,15675,18537,1.1825837320574,Cliques no link,7,7.1428571428571,50,2.69730809,7,7.14285714,0.037762313211415,2017-08-13,2019-02-15,43007
"Publicação: """"Baixe no seu celular Android e faça valer os seus direitos: https://goo.gl/qnHbXF Agora a tecnol..."""" - Envolvimento","Aluno, você pode mudar essa história.",23842630298920620,not_delivering,3471,3961,1.1411696917315,Envolvimento com a publicação,833,0.060024009603842,50,12.62307498,5,10,0.12623074981065,2017-08-13,2019-02-15,
GIF Unidade Proinfância Jardim das Américas em Goioerê - PR,Unidade Proinfância Jardim das Américas em Goioerê - PR,23842632447590620,not_delivering,25277,27324,1.080982711556,Envolvimento com a publicação,9656,0.0051781275890638,50,1.82989313,2,25,0.0073195725369638,2017-08-13,2019-02-15,43017
Depoimento - Elizabete Tá no Pé!,Depoimento - Elizabete Tá no Pé,23842628901460620,not_delivering,2893,3296,1.1393017628759,Envolvimento com a publicação,636,0.078616352201258,50,15.16990291,4,12.5,0.12135922330097,2017-08-13,2019-02-15,43010
Instalações - Maranhão,Instalações - Maranhão,23842646048470620,not_delivering,5825,8739,1.5002575107296,Instalações do aplicativo para celular,16,3.031875,48.51,5.55097837,293,0.16556314,3.3527863599954,2017-08-13,2019-02-15,43069
"Publicação: """"A obra desta creche em Novo Oriente (MG) está paralisada há 10 meses e não tem previsão para ent..."""" - Envolvimento",Novo Oriente de Minas - 18+,23842642288150620,not_delivering,1601,1939,1.211118051218,Envolvimento com a publicação,315,0.098412698412698,31,15.98762249,11,2.81818182,0.56730273336772,2017-08-13,2019-02-15,
Anúncio padrão,Conjunto de anúncios A — Público Educadores,23842854032960620,not_delivering,2331,2516,1.0793650793651,Instalações do aplicativo para celular,7,3.4428571428571,24.1,9.57869634,18,1.33888889,0.7154213036566,2017-08-13,2019-02-15,43262
Anúncio padrão,Conjunto de anúncios A — Público Educadores,23842854032960620,not_delivering,2331,2516,1.0793650793651,Instalações do aplicativo para celular,7,3.4428571428571,24.1,9.57869634,18,1.33888889,0.7154213036566,2017-08-13,2019-02-15,43262
Anúncio padrão,Conjunto de anúncios A — Público Educadores,23842854032960620,not_delivering,2331,2516,1.0793650793651,Instalações do aplicativo para celular,7,3.4428571428571,24.1,9.57869634,18,1.33888889,0.7154213036566,2017-08-13,2019-02-15,43262
Anúncio padrão,Conjunto de anúncios A — Público Educadores,23842854032960620,not_delivering,2331,2516,1.0793650793651,Instalações do aplicativo para celular,7,3.4428571428571,24.1,9.57869634,18,1.33888889,0.7154213036566,2017-08-13,2019-02-15,43262
Anúncio padrão,Conjunto de anúncios B — Tá de Pé fase 2,23842854032960620,not_delivering,2015,2343,1.1627791563275,Instalações do aplicativo para celular,9,2.6511111111111,23.86,10.18352539,22,1.08454545,0.93896713615023,2017-08-13,2019-02-15,43262
Anúncio padrão,Conjunto de anúncios B — Tá de Pé fase 2,23842854032960620,not_delivering,2015,2343,1.1627791563275,Instalações do aplicativo para celular,9,2.6511111111111,23.86,10.18352539,22,1.08454545,0.93896713615023,2017-08-13,2019-02-15,43262
Anúncio padrão,Conjunto de anúncios B — Tá de Pé fase 2,23842854032960620,not_delivering,2015,2343,1.1627791563275,Instalações do aplicativo para celular,9,2.6511111111111,23.86,10.18352539,22,1.08454545,0.93896713615023,2017-08-13,2019-02-15,43262
Anúncio padrão,Conjunto de anúncios B — Tá de Pé fase 2,23842854032960620,not_delivering,2015,2343,1.1627791563275,Instalações do aplicativo para celular,9,2.6511111111111,23.86,10.18352539,22,1.08454545,0.93896713615023,2017-08-13,2019-02-15,43262
Vídeo Instalações do App - Android,Vídeo Instalações App,23842733635750620,inactive,2075,2526,1.2173493975904,Instalações do aplicativo para celular,4,4.9275,19.71,7.80285036,11,1.79181818,0.43547110055424,2017-08-13,2019-02-15,43169
"Publicação: """"Dinheiro público não nasce em árvore, por isso, a...""""","Publicação: """"Dinheiro público não nasce em árvore, por isso, a...""""",23842607383810620,archived,1396,1411,1.0107449856734,Envolvimento com a publicação,310,0.060774193548387,18.84,13.35223246,2,9.42,0.1417434443657,2017-08-13,2019-02-15,
Anúncio padrão,Conjunto de anúncios B — Público Mães,23842854021130620,not_delivering,1012,1076,1.0632411067194,Instalações do aplicativo para celular,1,13,13,12.08178439,8,1.625,0.74349442379182,2017-08-13,2019-02-15,43262
Anúncio padrão,Conjunto de anúncios B — Público Mães,23842854021130620,not_delivering,1012,1076,1.0632411067194,Instalações do aplicativo para celular,1,13,13,12.08178439,8,1.625,0.74349442379182,2017-08-13,2019-02-15,43262
Anúncio padrão,Conjunto de anúncios B — Público Mães,23842854021130620,not_delivering,1012,1076,1.0632411067194,Instalações do aplicativo para celular,1,13,13,12.08178439,8,1.625,0.74349442379182,2017-08-13,2019-02-15,43262
Anúncio padrão,Conjunto de anúncios B — Público Mães,23842854021130620,not_delivering,1012,1076,1.0632411067194,Instalações do aplicativo para celular,1,13,13,12.08178439,8,1.625,0.74349442379182,2017-08-13,2019-02-15,43262
Anúncio padrão,Conjunto de anúncios A — Público Jovens 18 a 35,23842854021130620,not_delivering,898,936,1.0423162583519,Instalações do aplicativo para celular,,,8.07,8.62179487,4,2.0175,0.42735042735043,2017-08-13,2019-02-15,43262
Anúncio padrão,Conjunto de anúncios A — Público Jovens 18 a 35,23842854021130620,not_delivering,898,936,1.0423162583519,Instalações do aplicativo para celular,,,8.07,8.62179487,4,2.0175,0.42735042735043,2017-08-13,2019-02-15,43262
Anúncio padrão,Conjunto de anúncios A — Público Jovens 18 a 35,23842854021130620,not_delivering,898,936,1.0423162583519,Instalações do aplicativo para celular,,,8.07,8.62179487,4,2.0175,0.42735042735043,2017-08-13,2019-02-15,43262
Anúncio padrão,Conjunto de anúncios A — Público Jovens 18 a 35,23842854021130620,not_delivering,898,936,1.0423162583519,Instalações do aplicativo para celular,,,8.07,8.62179487,4,2.0175,0.42735042735043,2017-08-13,2019-02-15,43262
Depoimento 1 Hortencia,Depoimento 1,23842623843730620,archived,102,105,1.0294117647059,Envolvimento com a publicação,46,0.052608695652174,2.42,23.04761905,,,,2017-08-13,2019-02-15,43000
Default Name - Instalações do aplicativo,BR - 18+,23842605932580620,archived,56,56,1,"",,,0.19,3.39285714,,,,2017-08-13,2019-02-15,42978
Default Name - Instalações do aplicativo,BR - 18+,23842605932580620,archived,56,56,1,"",,,0.19,3.39285714,,,,2017-08-13,2019-02-15,43145
Default Name - Instalações do aplicativo,BR - 18+,23842605932580620,archived,56,56,1,"",,,0.19,3.39285714,,,,2017-08-13,2019-02-15,43145
Default Name - Instalações do aplicativo,BR - 18+,23842605932580620,archived,56,56,1,"",,,0.19,3.39285714,,,,2017-08-13,2019-02-15,43145
Default Name - Instalações do aplicativo,BR - 18+,23842605932580620,archived,56,56,1,"",,,0.19,3.39285714,,,,2017-08-13,2019-02-15,43145
Default Name - Instalações do aplicativo,BR - 18+,23842605932580620,archived,56,56,1,"",,,0.19,3.39285714,,,,2017-08-13,2019-02-15,43145
Default Name - Instalações do aplicativo,BR - 18+,23842605932580620,archived,56,56,1,"",,,0.19,3.39285714,,,,2017-08-13,2019-02-15,43169
Default Name - Instalações do aplicativo,BR - 18+,23842605932580620,archived,56,56,1,"",,,0.19,3.39285714,,,,2017-08-13,2019-02-15,43176
"Publicação: """"Conheça o APP que fiscaliza e cobra as obras de...""""","Publicação: """"Conheça o APP que fiscaliza e cobra as obras de...""""",23842607310870620,archived,48,48,1,Cliques no link,,,0.09,1.875,,,,2017-08-13,2019-02-15,
