from_id,from_name,message,created_time,type,link,id,story,likes_count,comments_count,shares_count,id_post
280994653587,Transpar√™ncia Brasil,"Sabe se na sua cidade h√° obras de escolas e creches com problemas? 
Veja no nosso mapa: www.tadepe.org.br.",2019-02-08T18:29:37+0000,video,https://www.facebook.com/brasil.transparencia/videos/315552229096164/,280994653587_10157071671868588,,23,2,11,10157071671868588
280994653587,Transpar√™ncia Brasil,"Voc√™ sabia que 59% das obras de escolas e creches no pa√≠s t√™m algum problema? No total s√£o 3,2 mil obras com problemas, algumas est√£o paralisadas outras nem foram iniciadas

üïµÔ∏è‚Äç‚ôÄÔ∏èVeja no nosso mapa se existe alguma obra perto de voc√™ e ajude a Transpar√™ncia Brasil a ficar no p√© do governo. üîç
http://bit.ly/MapaObrasBrasil

Confira o levantamento completo: http://bit.ly/Relat√≥rioObrasCrechesEscolas",2018-12-24T15:15:00+0000,photo,https://www.facebook.com/brasil.transparencia/photos/a.10151083760558588/10156948823618588/?type=3,280994653587_10156948837378588,,24,4,25,10156948837378588
280994653587,Transpar√™ncia Brasil,"Confira mat√©ria que saiu na Nova Escola sobre nosso levantamento relativo a obras de escolas e creches.

""Os dados mostram que das 5,4 mil obras ainda a serem entregues, pelo menos um ter√ßo delas j√° deveria estar pronta, de acordo com o prazo do √∫ltimo contrato e com o cronograma das obras. Algumas delas tinham previs√£o de entrega para 2013 ou antes, e at√© hoje n√£o foram conclu√≠das.

Entre os problemas verificados, os dois principais empatados em quantidade s√£o obras paralisadas ou com endere√ßo incompleto no sistema do governo federal (1,7 mil). H√°, tamb√©m, obras que est√£o em andamento por√©m j√° deveriam ter sido entregues e obras que nem sequer foram iniciadas.""

Veja no nosso mapa se existe alguma obra perto de voc√™ e ajude a Transpar√™ncia Brasil a ficar no p√© do governo. üïµÔ∏è‚Äç‚ôÄÔ∏èüîç
http://bit.ly/MapaObrasBrasil",2018-12-22T15:08:00+0000,photo,https://www.facebook.com/brasil.transparencia/photos/a.10151083760558588/10156948772428588/?type=3,280994653587_10156948818638588,,24,1,4,10156948818638588
280994653587,Transpar√™ncia Brasil,"Veja no nosso mapa se existe alguma obra perto de voc√™ e ajude a Transpar√™ncia Brasil a ficar no p√© do governo. üïµÔ∏è‚Äç‚ôÄÔ∏èüîç

http://bit.ly/MapaObrasBrasil",2018-12-21T14:50:17+0000,link,https://bit.ly/2QEHdxr,280994653587_10156948807338588,Transpar√™ncia Brasil shared a post.,10,1,10,10156948807338588
280994653587,Transpar√™ncia Brasil,"Ou√ßa a entrevista com nossa diretora de opera√ß√µes, Juliana Sakai, sobre campanha de alertas da Transpar√™ncia Brasil que notificou milhares de prefeituras no pa√≠s devido √†s mais de 3 mil obras de escolas e creches com problemas.

Na entrevista, ela explica as irregularidades encontradas e conta tamb√©m algumas das dificuldades que enfrentamos ao longo do monitoramento. Nas bases de dados do Governo Federal, h√° obras para as quais n√£o consta sequer endere√ßo da constru√ß√£o.

Confira o relat√≥rio completo da campanha no nosso blog: http://bit.ly/2Sd77F7",2018-12-21T14:02:01+0000,link,http://cbn.globoradio.globo.com/media/audio/234787/seis-em-cada-dez-obras-em-creches-e-escolas-aprese.htm,280994653587_10156948726628588,,34,1,12,10156948726628588
280994653587,Transpar√™ncia Brasil,"O Jornal Nacional noticiou nesta ter√ßa-feira (18) um levantamento in√©dito da Transpar√™ncia Brasil, que constatou que, das 5 mil obras de escolas e creches pendentes no pa√≠s, h√° problemas em mais da metade (59%). Identificamos obras com atraso na entrega, obras que foram paralisadas no meio do caminho ou outras que ainda nem foram iniciadas. Para cobrar os respons√°veis, a Transpar√™ncia Brasil iniciou nesta semana uma campanha de notifica√ß√£o em massa para milhares de prefeituras Brasil afora. 
Quer saber se as obras na sua regi√£o est√£o andando como deveriam? Tem alguma obra perto de voc√™ que n√£o termina nunca? Nos ajude a fiscalizar pelo aplicativo T√° de P√©: https://www.transparencia.org.br/projetos/tadepe
Voc√™ pode acompanhar as respostas das prefeituras pelo app e tamb√©m pelo Twitter: https://twitter.com/tadepeapp",2018-12-19T18:57:27+0000,link,https://glo.bo/2R6GfcH,280994653587_10156944206548588,Transpar√™ncia Brasil shared a post.,22,0,10,10156944206548588
280994653587,Transpar√™ncia Brasil,"O dia 9 de dezembro foi declarado pela ONU como dia Internacional Contra a Corrup√ß√£o. O Brasil faz parte da Conven√ß√£o das Na√ß√µes Unidas contra a Corrup√ß√£o desde 2006. Para refletir sobre este dia, a Transpar√™ncia Brasil separou algumas medidas simples que voc√™ pode tomar para ajudar na luta contra a corrup√ß√£o no Brasil: 

1. Fiscalize obras com o aplicativo T√° de P√©: http://bit.ly/TaDePe
2. Use a Lei de Acesso √† Informa√ß√£o e compartilhe a resposta ao seu pedido na plataforma Achados e Pedidos, para que todos possam ver tamb√©m: http://bit.ly/AchadosEPedidos
3. Se encontrar alguma irregularidade, fa√ßa uma den√∫ncia para a ouvidoria por meio do e-Ouv: http://bit.ly/E_Ouv
4. Procure informa√ß√µes nos portais p√∫blicos do seu munic√≠pio, estado ou governo federal. Muita informa√ß√£o j√° est√° dispon√≠vel online! 
5. Apoie a Transpar√™ncia Brasil, organiza√ß√£o independente que, h√° 18 anos, luta contra a corrup√ß√£o e por mais transpar√™ncia no poder p√∫blico brasileiro. https://www.transparencia.org.br/apoie

Quanto mais transpar√™ncia e quanto mais cidad√£os e organiza√ß√µes de olho, menos corrup√ß√£o. Vamos juntos!",2018-12-09T12:30:00+0000,photo,https://www.facebook.com/brasil.transparencia/photos/a.10151083760558588/10156915608468588/?type=3,280994653587_10156915632828588,,26,1,26,10156915632828588
280994653587,Transpar√™ncia Brasil,"Hoje come√ßa a Confer√™ncia Internacional de Dados Abertos (IODC) em Buenos Aires. A Transpar√™ncia Brasil apresentar√° para representantes de v√°rios pa√≠ses o que temos feito para monitorar obras de escolas e creches no pa√≠s. 
https://iodc18.sched.com/event/FPph/open-data-education

Parte da programa√ß√£o contar√° com transmiss√£o online. Veja a programa√ß√£o completa: https://www.opendatacon.org",2018-09-27T13:38:21+0000,photo,https://www.facebook.com/brasil.transparencia/photos/a.10151083760558588/10156747267503588/?type=3,280994653587_10156747269013588,,18,1,5,10156747269013588
280994653587,Transpar√™ncia Brasil,"[NOTA DE REP√öDIO] 
A C√¢mara dos Deputados cancelou uma audi√™ncia que seria realizada nesta semana sobre obras de escolas e creches. A justificativa foram ‚Äúmudan√ßas na agenda de trabalhos legislativos‚Äù. O cancelamento ignorou justamente um dispositivo que tenta garantir que os trabalhos legislativos n√£o fiquem paralisados em per√≠odo eleitoral. 

Havia muito o que discutir: segundo dados da Transpar√™ncia Brasil, apenas de creches, temos 986 constru√ß√µes abandonadas pelo poder p√∫blico e que poderiam gerar mais de 100 mil vagas. Em 10 anos, gastamos mais de R$ 1,5 bilh√£o em obras de creches e escolas paralisadas. 

A discuss√£o desta semana contaria com a presen√ßa de organiza√ß√µes da sociedade civil e representantes do governo para discutir a situa√ß√£o, e n√£o h√° uma nova data para que a audi√™ncia ocorra. Mais um exemplo do descaso da casa do povo para com o povo. 

Leia a nota completa da Transpar√™ncia Brasil sobre o cancelamento da audi√™ncia: http://bit.ly/2wPNmLk 
E leia aqui nosso √∫ltimo relat√≥rio sobre atrasos em obras de escolas e creches: http://bit.ly/2oKQxPV",2018-09-07T15:49:00+0000,photo,https://www.facebook.com/brasil.transparencia/photos/a.10151083760558588/10156697840633588/?type=3,280994653587_10156697822353588,,61,5,55,10156697822353588
280994653587,Transpar√™ncia Brasil,"Nossa cientista de dados, Jessica Voigt, participou do painel ‚ÄúTecnologia a servi√ßo da transpar√™ncia e efici√™ncia da gest√£o‚Äù, no 2¬∫ Congresso Pacto pelo Brasil, em Curitiba. Ela apresentou nosso aplicativo T√° de P√©, que permite aos cidad√£os fiscalizar o andamento de obras de escolas e creches. O evento foi organizado pelo Observat√≥rio Social do Brasil, nosso parceiro no projeto Obra Transparente.
Quer ajudar na fiscaliza√ß√£o de obras de escolas e creches na sua regi√£o? Saiba como aqui: http://bit.ly/2MNPX1i",2018-08-23T19:24:34+0000,photo,https://www.facebook.com/OSdoBrasil/photos/a.1179647682172984/1179649958839423/?type=3,280994653587_10156664643553588,Transpar√™ncia Brasil shared a photo.,19,0,2,10156664643553588
280994653587,Transpar√™ncia Brasil,"Como participar mais da pol√≠tica? A Jout Jout Prazer fez um v√≠deo sobre ferramentas que cidad√£os podem usar para ficar de olho no poder p√∫blico e exercer mais controle social. Um dos mencionados foi o T√° de P√©, nosso app de fiscaliza√ß√£o de obras em escolas e creches.
Tem alguma obra acontecendo perto da sua casa? Saiba mais sobre o T√° de P√© e veja como ajudar a fiscaliz√°-la: http://bit.ly/2Nf51C4. 
Conhe√ßa tamb√©m outras iniciativas de gest√£o participativa no v√≠deo completo da Jout Jout (http://bit.ly/2whhHkM) :)",2018-08-22T21:00:01+0000,video,https://www.facebook.com/brasil.transparencia/videos/246979952623847/,280994653587_246979952623847,,19,2,15,246979952623847
280994653587,Transpar√™ncia Brasil,"Durante o debate presidencial desta quinta-feira na TV Bandeirantes, o t√≥pico ""educa√ß√£o"" foi um dos termos mais buscados no Google. Em 2017, identificamos que R$ 1,5 bilh√£o foi gasto com quase duas mil obras de escolas e creches que estavam paralisadas. Para aumentar o acesso √† educa√ß√£o, √© preciso utilizar o dinheiro p√∫blico de forma eficiente. Ajude-nos a monitorar essas obras! Conhe√ßa o T√° de P√© e veja como voc√™ pode contribuir para que as escolas da sua regi√£o sejam entregues. http://bit.ly/appTadePe",2018-08-10T20:09:30+0000,photo,https://www.facebook.com/brasil.transparencia/photos/a.10151083760558588/10156632469608588/?type=3,280994653587_10156632449373588,,37,1,16,10156632449373588
280994653587,Transpar√™ncia Brasil,"Nosso aplicativo T√° de P√© foi um dos projetos de fiscaliza√ß√£o de gastos p√∫blicos mostrados pela reportagem do G1. Com ele, cidad√£os  podem monitorar obras de escolas e creches pr√≥ximas de sua casa apenas com o envio de fotos da constru√ß√£o! Outro exemplo foi a atua√ß√£o do Observat√≥rio Social do Brasil, que √© nosso parceiro no projeto Obra Transparente. Assista √† reportagem e veja como a atividade da sociedade civil √© importante para fiscalizar o poder p√∫blico! üïµÔ∏è‚Äç‚ôÄÔ∏èü§≥ https://glo.bo/2M0mUrh
Conhe√ßa nossos projetos: http://bit.ly/2vmp5eU",2018-08-06T20:50:00+0000,photo,https://www.facebook.com/brasil.transparencia/photos/a.10151083760558588/10156622411628588/?type=3,280994653587_10156622428223588,,42,0,24,10156622428223588
280994653587,Transpar√™ncia Brasil,"A equipe do projeto Obra Transparente esteve em Taubat√© (SP) no dia 25/06 para vistoriar quatro obras de creches monitoradas pelo Observat√≥rio Social de Taubat√©, nosso parceiro local. Participaram da a√ß√£o de visitas a gerente do projeto, Bianca Vaz Mondo, o engenheiro volunt√°rio Celso Dias, e representantes dos observat√≥rios de Taubat√© e da vizinha S√£o Jos√© dos Campos, que tamb√©m integra a rede do projeto. Al√©m disso, estiveram presentes tamb√©m representantes do CREA-SP e da prefeitura. Nas quatro obras, foram verificados atrasos com rela√ß√£o ao cronograma inicialmente contratado.
Saiba mais no nosso blog: https://goo.gl/8ZfZAW",2018-07-02T16:43:23+0000,photo,https://www.facebook.com/brasil.transparencia/photos/a.10151083760558588/10156535543578588/?type=3,280994653587_10156535545818588,,19,0,5,10156535545818588
280994653587,Transpar√™ncia Brasil,Educa√ß√£o de qualidade come√ßa com escolas para todos. Fa√ßa sua parte e acompanhe obras de creches e escolas em sua cidade. Baixe o aplicativo T√° de P√© e fique no p√© do governo!,2018-05-02T17:55:47+0000,photo,https://www.facebook.com/brasil.transparencia/photos/a.10151083760558588/10156386012073588/?type=3,280994653587_10156386014163588,,2426,16,110,10156386014163588
280994653587,Transpar√™ncia Brasil,"Nesta reportagem, apresentamos o T√° de P√©, nosso aplicativo para fiscaliza√ß√£o de obras de creches e escolas em todo o pa√≠s. Baixe o app e fa√ßa sua parte: goo.gl/2gzw9V.",2018-05-02T15:04:57+0000,video,https://www.facebook.com/Zoomin.TVBrasil/videos/1629447080441946/,280994653587_10156385638403588,Transpar√™ncia Brasil shared a video.,24,0,10,10156385638403588
280994653587,Transpar√™ncia Brasil,"Segundo levantamento da Transpar√™ncia Brasil, mais da metade das obras de creches e escolas p√∫blicas financiadas pelo governo federal est√° atrasada ou paralisada no pa√≠s. Com o app T√° de P√©, podemos fiscalizar e cobrar o governo.",2018-04-18T19:05:00+0000,photo,https://www.facebook.com/brasil.transparencia/photos/a.10151083760558588/10156352722973588/?type=3,280994653587_10156352722973588,,2765,1,31,10156352722973588
280994653587,Transpar√™ncia Brasil,"O projeto T√° de P√©, que permite o monitoramento cidad√£o de obras de creches e escolas p√∫blicas em todo o Brasil por meio de um aplicativo m√≥vel, passa a contar com mais uma plataforma de mobiliza√ß√£o e controle social. Os cidad√£os podem enviar fotos de obras para o perfil do projeto no Twitter (twitter.com/tadepeapp), com a hashtag #tadepeobras.",2018-04-18T14:09:08+0000,link,https://www.transparencia.org.br/blog/projeto-ta-de-pe-passa-a-receber-fiscalizacoes-de-obras-via-twitter/,280994653587_10156352015568588,,58,0,14,10156352015568588
280994653587,Transpar√™ncia Brasil,Fiscalize obras de escolas e creches p√∫blicas perto de voc√™ e pressione por uma gest√£o mais eficiente de recursos p√∫blicos!,2018-04-12T17:00:02+0000,video,https://www.facebook.com/brasil.transparencia/videos/10156338001013588/,280994653587_10156338001013588,,114,4,120,10156338001013588
280994653587,Transpar√™ncia Brasil,Prometeram escola para o seu filho e at√© agora nada? Fa√ßa valer os seus direitos. Fiscalize com o aplicativo T√° de P√© e agilize a entrega da obra.,2018-04-12T12:17:46+0000,video,https://www.facebook.com/brasil.transparencia/videos/10156333699883588/,280994653587_10156333699883588,,50,0,21,10156333699883588
280994653587,Transpar√™ncia Brasil,"Com o T√° de P√© √© assim: voc√™ fiscaliza, n√≥s vamos atr√°s e juntos pressionamos o governo a entregar creches e escolas em constru√ß√£o. Baixe o aplicativo e fa√ßa sua parte!",2018-04-10T16:16:32+0000,photo,https://www.facebook.com/brasil.transparencia/photos/a.10151083760558588/10156333101798588/?type=3,280994653587_10156333103368588,,1851,9,57,10156333103368588
280994653587,Transpar√™ncia Brasil,"Estivemos em Uberl√¢ndia, um dos munic√≠pios do projeto Obra Transparente, para saber mais sobre o andamento dos 21 projetos de escolas e creches monitorados pelo observat√≥rio social parceiro. A situa√ß√£o √© desanimadora: apenas uma obra que estava paralisada, no Jardim Cana√£ II (foto), foi recentemente retomada ap√≥s permanecer abandonada por mais de dois anos; as outras 20 obras ainda n√£o sa√≠ram do papel. Em reuni√£o com a administra√ß√£o municipal, os gestores alegaram que o munic√≠pio aguarda aprova√ß√£o do FNDE para a reformula√ß√£o dos projetos e repactua√ß√£o do financiamento para as obras. Saiba mais no nosso blog: https://goo.gl/Hssnue",2018-04-06T20:27:33+0000,photo,https://www.facebook.com/brasil.transparencia/photos/a.10151083760558588/10156323576658588/?type=3,280994653587_10156323580138588,,36,1,5,10156323580138588
280994653587,Transpar√™ncia Brasil,"A Jessica Voigt, da Transpar√™ncia Brasil, participa agora de uma live com a Funda√ß√£o Maria Cecilia Souto Vidigal, para discutir a primeira inf√¢ncia e acompanhar obras de creches e escolas! Acompanhem. #PrimeiraInf√¢nciaPrimeiro #T√°DeP√â",2018-04-06T17:03:52+0000,video,https://www.facebook.com/FundacaoMariaCeciliaSoutoVidigal/videos/1777827418907290/,280994653587_10156323146693588,Transpar√™ncia Brasil shared a live video.,24,0,1,10156323146693588
280994653587,Transpar√™ncia Brasil,"A Transpar√™ncia Brasil apresentar√° o aplicativo T√° de P√© em uma live com a Funda√ß√£o Maria Cecilia Souto Vidigal. Ser√° nesta sexta, √†s 14h. Acompanhe!",2018-04-05T15:20:25+0000,photo,https://www.facebook.com/FundacaoMariaCeciliaSoutoVidigal/photos/a.459845027372209/1775716165785082/?type=3,280994653587_10156320627358588,Transpar√™ncia Brasil shared a post.,20,0,3,10156320627358588
280994653587,Transpar√™ncia Brasil,"O projeto Obra Transparente foi a campo novamente para verificar locais de obras de creches em Arauc√°ria (PR). Engenheiros da C√¢mara T√©cnica do projeto estiveram l√° no dia 16/03, acompanhando observadores sociais locais na visita aos terrenos selecionados para a implanta√ß√£o de 3 obras em licita√ß√£o. A equipe tamb√©m visitou uma obra j√° em execu√ß√£o, no bairro Fazenda Velha. Tamb√©m participaram representantes dos Engenheiros Sem Fronteiras - N√∫cleo Curitiba e do Observat√≥rio Social de Curitiba. Saiba mais no nosso blog: https://goo.gl/D9BUpM",2018-03-28T15:38:46+0000,photo,https://www.facebook.com/brasil.transparencia/photos/a.10151083760558588/10156300123278588/?type=3,280994653587_10156300124618588,,24,1,7,10156300124618588
280994653587,Transpar√™ncia Brasil,"Voc√™ j√° conhece o projeto Cisternas nas Escolas? √â uma iniciativa dos Engenheiros sem Fronteiras S√£o Paulo - parceiros da Transpar√™ncia Brasil no T√° de P√© - que visa construir sistemas de capta√ß√£o da √°gua da chuva em escolas da rede p√∫blica de S√£o Paulo.
O projeto j√° beneficiou mais de 600 estudantes e est√° arrecadando recursos para as atividades de 2018. Conhe√ßa e contribua em: http://www.esfsaopaulo.org/campanha",2018-03-27T14:00:00+0000,link,http://www.esfsaopaulo.org/campanha,280994653587_10156293810338588,,26,1,5,10156293810338588
280994653587,Transpar√™ncia Brasil,"A segunda edi√ß√£o da Hackathon T√° de P√©, maratona promovida pela Transpar√™ncia Brasil durante o √∫ltimo fim de semana em S√£o Paulo, teve como principal destaque, al√©m das propostas inovadoras, a diversidade.",2018-03-14T21:41:40+0000,link,https://www.transparencia.org.br/blog/diversidade-gera-mais-inovacao-na-hackathon-ta-de-pe/,280994653587_10156258720743588,,23,1,2,10156258720743588
280994653587,Transpar√™ncia Brasil,"A Hackathon T√° de P√© - S√£o Paulo acontece entre 10 e 11 de mar√ßo no Campus S√£o Paulo - A Google Space. O evento contar√° com a participa√ß√£o de especialistas em tecnologia, design, empreendedorismo e impacto social.",2018-03-02T20:27:53+0000,photo,https://www.facebook.com/brasil.transparencia/photos/gm.1730549896967663/10156222161738588/?type=3,280994653587_10156222194638588,Transpar√™ncia Brasil shared a post.,17,1,3,10156222194638588
280994653587,Transpar√™ncia Brasil,"√öltimo dia de inscri√ß√µes para a Hackathon T√° de P√© - S√£o Paulo! 

O desafio acontece entre os dias 10 e 11 de mar√ßo no Campus S√£o Paulo - A Google Space. Os participantes receber√£o mentorias e o melhor projeto desenvolvido ser√° premiado!

Inscreva-se: https://goo.gl/p5rc7f",2018-02-28T14:30:00+0000,photo,https://www.facebook.com/brasil.transparencia/photos/a.10151083760558588/10156215203683588/?type=3,280994653587_10156215223118588,,9,0,2,10156215223118588
280994653587,Transpar√™ncia Brasil,"A Hackathon T√° de P√© - S√£o Paulo foi destaque no portal Caindo no Brasil. O evento acontece entre os dias 10 e 11 de mar√ßo, no Campus S√£o Paulo - A Google Space, espa√ßo do Google destinado a inova√ß√£o e empreendedorismo.

N√£o deixe de se inscrever! Preencha o formul√°rio at√© o dia 28: https://goo.gl/wT8aJJ",2018-02-26T15:14:28+0000,link,http://www.caindonobrasil.com.br/blog/hackathon-ta-de-pe-transparencia-brasil/,280994653587_10156209366488588,,14,1,3,10156209366488588
280994653587,Transpar√™ncia Brasil,"√öltimos dias para realizar sua inscri√ß√£o para a Hackathon T√° de P√©! Promovida em parceria com o Google.org e a Pand√¥ Apps, a maratona acontece entre os dias 10 e 11 de mar√ßo no Campus S√£o Paulo - A Google Space. Preencha o formul√°rio at√© o dia 28: https://goo.gl/wT8aJJ",2018-02-26T13:00:00+0000,photo,https://www.facebook.com/brasil.transparencia/photos/a.10151083760558588/10156201862708588/?type=3,280994653587_10156201868943588,,20,0,9,10156201868943588
280994653587,Transpar√™ncia Brasil,A Hackathon T√° de P√© acontece entre 10 e 11 de mar√ßo no Campus S√£o Paulo - A Google Space. Inscreva-se pelo link: https://goo.gl/wT8aJJ,2018-02-23T17:40:02+0000,photo,https://www.facebook.com/brasil.transparencia/photos/gm.1722721901083796/10156201184573588/?type=3,280994653587_10156201381718588,Transpar√™ncia Brasil shared a post.,10,0,5,10156201381718588
280994653587,Transpar√™ncia Brasil,"A Hackathon T√° de P√© vai acontecer no Campus S√£o Paulo, espa√ßo do Google destinado a inova√ß√£o e empreendedorismo.

N√£o deixe de se inscrever! Preencha o formul√°rio at√© o dia 28/02: https://goo.gl/wT8aJJ",2018-02-20T23:00:00+0000,link,https://www.transparencia.org.br/blog/segunda-edicao-da-hackathon-ta-de-pe-acontece-no-google-campus-sao-paulo-em-marco/,280994653587_10156192972468588,,10,0,1,10156192972468588
280994653587,Transpar√™ncia Brasil,"As inscri√ß√µes para a Hackathon T√° de P√© est√£o abertas!

Inscritos com as melhores ideias ser√£o selecionados, ent√£o leia atentamente o regulamento e inscreva-se at√© o dia 28/02!

Regulamento: https://goo.gl/KqRi52
Inscri√ß√µes: https://goo.gl/wT8aJJ

Saiba mais sobre o projeto em: https://www.transparencia.org.br/projetos/tadepe",2018-02-16T14:00:00+0000,photo,https://www.facebook.com/brasil.transparencia/photos/a.10151083760558588/10156179778343588/?type=3,280994653587_10156179778343588,,21,4,7,10156179778343588
280994653587,Transpar√™ncia Brasil,"Hackathon ‚ÄúT√° de P√©?‚Äù √© um desafio de desenvolvimento de solu√ß√µes a partir de dados do Projeto T√° de P√©, ganhador do Desafio Google de Impacto Social 2016. 

O evento, em sua segunda edi√ß√£o, ser√° realizado entre os dias 10 e 11 de mar√ßo no Campus S√£o Paulo, espa√ßo do Google destinado a inova√ß√£o e empreendedorismo.

As inscri√ß√µes est√£o abertas e v√£o at√© o dia 28/02 ou at√© atingirmos 100 inscritos. Inscritos com as 50 melhores ideias ser√£o selecionados para participar da maratona!

Leia o Regulamento: https://goo.gl/KqRi52
Inscreva-se: https://goo.gl/wT8aJJ

Promovida pela Transpar√™ncia Brasil, organiza√ß√£o que atua na promo√ß√£o da integridade, transpar√™ncia e controle social do poder p√∫blico desde 2000, a Hackathon conta ainda com o apoio do Google.Org e da Pand√¥ Apps.

Saiba mais sobre o Projeto T√° de P√©: https://goo.gl/edZ296

Baixe o aplicativo
Android: http://bit.ly/2vqlf59
iOS: https://goo.gl/n9aQHv",2018-02-07T18:50:00+0000,event,https://www.facebook.com/events/1705396689482984/,280994653587_1705396689482984,Transpar√™ncia Brasil added an event.,16,1,0,1705396689482984
280994653587,Transpar√™ncia Brasil,"Agora o T√° de P√© tamb√©m est√° dispon√≠vel para iPhone. Com o seu celular, voc√™ pode acompanhar obras de creches e escolas p√∫blicas. Baixe e fique no p√© do governo: https://goo.gl/cTus9R
 #Transpar√™nciaBrasil #FiqueNoP√© #Fiscaliza√ß√£o #Cidadania #APP",2018-02-06T13:03:47+0000,photo,https://www.facebook.com/brasil.transparencia/photos/a.10151083760558588/10156148269478588/?type=3,280994653587_10156148269478588,,23,1,7,10156148269478588
280994653587,Transpar√™ncia Brasil,"A Transpar√™ncia Brasil busca pessoas das √°reas de edifica√ß√µes, engenharia civil ou arquitetura para simplificar cronogramas de obras de escolas e creches p√∫blicas. Assim, mais obras poder√£o ser fiscalizadas pelo T√° de P√© e mais crian√ßas ter√£o acesso a educa√ß√£o em todo o pa√≠s!

Quer ajudar? Inscreva-se no site https://goo.gl/hBA9MD",2018-01-12T13:00:00+0000,photo,https://www.facebook.com/brasil.transparencia/photos/a.10151083760558588/10156074897673588/?type=3,280994653587_10156074898618588,,57,17,46,10156074898618588
280994653587,Transpar√™ncia Brasil,"Balan√ßo governamental sobre a pol√≠tica do executivo federal de dados abertos. Vale notar que as estatais, como Petrobr√°s e Banco do Brasil, n√£o participam do plano nacional de dados abertos.

A Transpar√™ncia Brasil √© representante da sociedade civil no Comit√™ Gestor da Infraestrutura Nacional de Dados Abertos (CGINDA). Continuamos acompanhando o que o governo est√° fazendo e cobrando mais transpar√™ncia e abertura.",2017-12-20T17:31:25+0000,link,http://www.planejamento.gov.br/noticias/governo-divulga-balanco-sobre-politica-nacional-de-dados-abertos,280994653587_10156014442603588,,23,0,5,10156014442603588
280994653587,Transpar√™ncia Brasil,"Voc√™ quer colaborar com a Transpar√™ncia Brasil no projeto T√° de P√©? 
Se voc√™ j√° conhece e baixou nosso aplicativo, entre em contato hoje com a p√°gina da Transpar√™ncia Brasil para uma r√°pida pesquisa de opini√£o. 
Sua contribui√ß√£o ser√° muito importante para o nosso projeto!",2017-12-12T14:30:40+0000,photo,https://www.facebook.com/brasil.transparencia/photos/a.10155652761353588/10155991656008588/?type=3,280994653587_10155991656058588,,20,0,7,10155991656058588
280994653587,Transpar√™ncia Brasil,"Pelo projeto Obra Transparente, realizamos nos dias 29 e 30 de novembro um evento de capacita√ß√£o para o monitoramento de obras p√∫blicas em Gravata√≠ (RS), uma das cidades nas quais atuamos em parceria com o observat√≥rio social local. Al√©m de representantes dos 21 observat√≥rios sociais que atuam no projeto e do Observat√≥rio Social do Brasil, contamos com a participa√ß√£o de auditores da CGU e de representante do CREA-RS. E o treinamento j√° deu resultado: em visitas a tr√™s locais de obras na cidade, os participantes puderam identificar diversas falhas na execu√ß√£o dos servi√ßos. Agora apoiaremos nosso parceiro local, o Observat√≥rio Social de Gravata√≠ e Glorinha, para solicitar √† Prefeitura a corre√ß√£o dos problemas encontrados. Um grande exemplo da import√¢ncia do controle social das obras p√∫blicas!",2017-12-07T12:42:47+0000,photo,https://www.facebook.com/brasil.transparencia/photos/a.10155977432718588/10155977432928588/?type=3,280994653587_10155977432928588,Transpar√™ncia Brasil added 8 new photos ‚Äî in Gravata√≠.,22,2,9,10155977432928588
280994653587,Transpar√™ncia Brasil,"Mat√©ria do Estad√£o publicada hoje aponta que Prefeitura de S√£o Paulo desrespeita Lei de Acesso √† Informa√ß√£o (LAI).

As declara√ß√µes do ent√£o chefe de gabinete Lucas Tavares em agosto, durante reuni√£o da Comiss√£o Municipal de Acesso √† Informa√ß√£o (Cmai) s√£o, al√©m de ilegais, bastante graves, justamente pela ocasi√£o em que foram dadas.

N√£o se trata de caso isolado. Desde o in√≠cio, a gest√£o Doria teve diversas a√ß√µes que demonstraram a falta de import√¢ncia dada √† transpar√™ncia e ao combate √† corrup√ß√£o, entre elas o rebaixamento da Controladoria-Geral do Munic√≠pio (CGM), que deixou de ter status de secretaria, e a demiss√£o da controladora-geral Laura Mendes, duas semanas depois de ela ter iniciado, em sua pasta, investiga√ß√£o sobre suspeitas de cobran√ßa de propina por parte de servidores municipais.

O fato de Tavares defender o retardamento ou dificultar o acesso de informa√ß√µes por jornalistas, em reuni√£o na qual estavam presentes outros sete representantes da Prefeitura, entre eles secret√°rios adjuntos e a ent√£o controladora-geral, demonstra a toler√¢ncia da gest√£o municipal para com esse tipo de conduta.

N√£o se trata da grava√ß√£o de uma conversa informal, mas da reuni√£o de uma comiss√£o que deveria justamente garantir o cumprimento da lei. Segundo artigo 32 da Lei de Acesso √† Informa√ß√£o, √© ilegal ‚Äúrecusar-se a fornecer informa√ß√£o requerida nos termos desta Lei, retardar deliberadamente o seu fornecimento ou fornec√™-la intencionalmente de forma incorreta, incompleta ou imprecisa‚Äù.

Os pedidos citados est√£o dispon√≠veis no portal Achados e Pedidos:

Pedido sobre gastos com medicamentos: https://goo.gl/43P9GA
Pedido sobre obras paralisadas: https://goo.gl/pWyrQQ

Veja nossa nota completa no Blog da Transpar√™ncia: https://goo.gl/2x1GAo",2017-11-08T19:15:29+0000,link,"http://sao-paulo.estadao.com.br/noticias/geral,gestao-doria-dificulta-acesso-a-dados-e-viola-lei-de-acesso-a-informacao,70002075921",280994653587_10155896305448588,,41,6,26,10155896305448588
280994653587,Transpar√™ncia Brasil,Sabia que tem mais de 800 obras de escolas e creches no Maranh√£o? Use o APP T√° de P√© e pressione para que elas sejam entregues: https://goo.gl/kzHw7j,2017-11-01T12:30:00+0000,photo,https://www.facebook.com/brasil.transparencia/photos/a.10151083760558588/10155874528433588/?type=3,280994653587_10155874546983588,,620,0,6,10155874546983588
280994653587,Transpar√™ncia Brasil,"A obra desta creche em Novo Oriente (MG) est√° paralisada h√° 10 meses e n√£o tem previs√£o para entrega. De acordo com a construtora, houve autoriza√ß√£o indevida de in√≠cio das obras, ap√≥s falhas na comunica√ß√£o entre a Prefeitura de Novo Oriente e o Minist√©rio da Educa√ß√£o - MEC. O que j√° foi constru√≠do est√° sendo alvo de vandalismo e a empresa n√£o pode continuar com a obra. A popula√ß√£o, por√©m, espera desde 2013. Baixe o APP T√° de P√©, pressione e ajude a evitar esse cen√°rio em sua comunidade: https://goo.gl/R9ogF8",2017-10-25T13:00:00+0000,photo,https://www.facebook.com/brasil.transparencia/photos/a.10151083760558588/10155854714068588/?type=3,280994653587_10155854714068588,,121,2,13,10155854714068588
280994653587,Transpar√™ncia Brasil,"APP T√° de P√© √© not√≠cia na GloboNews.
Um levantamento realizado pela reportagem, via Lei de Acesso √† Informa√ß√£o, constatou que o governo reduziu em 29% a verba destinada √† constru√ß√£o de creches e pr√©-escolas. Com o aplicativo T√° de P√©, da Transpar√™ncia Brasil, podemos pressionar o poder p√∫blico pela entrega destas obras. 
Baixe o APP: https://goo.gl/SUh4ur
Veja a reportagem completa, com entrevista do nosso diretor-executivo, Manoel Galdino: https://goo.gl/KZvNUW",2017-10-24T18:28:08+0000,photo,https://www.facebook.com/brasil.transparencia/photos/a.10151083760558588/10155854056683588/?type=3,280994653587_10155854056683588,,34,1,5,10155854056683588
280994653587,Transpar√™ncia Brasil,"Conhece algu√©m interessado em cobrar e fiscalizar o poder p√∫blico? J√° est√£o abertas as inscri√ß√µes para mais uma edi√ß√£o do curso gratuito sobre a #LeideAcesso √† Informa√ß√£o! 
O curso acontece nos dias 27 ou 28 de outubro em Manaus e faz parte do projeto Achados e Pedidos, portal que re√∫ne solicita√ß√µes de acesso √† informa√ß√£o de todo Brasil, uma parceria entre a Transpar√™ncia Brasil e a Abraji
Saiba mais no link: https://goo.gl/arbmAE",2017-10-06T16:45:37+0000,photo,https://www.facebook.com/brasil.transparencia/photos/a.10151083760558588/10155804009988588/?type=3,280994653587_10155804011238588,,19,1,6,10155804011238588
280994653587,Transpar√™ncia Brasil,"A Unidade Proinf√¢ncia Jardim das Am√©ricas em Goioer√™, no Paran√°, deveria ter sido entregue hoje. Mas recebemos imagens que mostram que ela est√° longe de ser conclu√≠da. Fiscalize sua cidade pelo APP T√° de P√©. Baixe gr√°tis no celular Android: https://goo.gl/6yLaqm  #T√°deP√© #Transpar√™nciaBrasil #FiqueNoP√© #Fiscaliza√ß√£o #Cidad√£o #APP",2017-10-06T14:01:02+0000,video,https://www.facebook.com/brasil.transparencia/videos/10155803625188588/,280994653587_10155803625188588,,26,0,5,10155803625188588
280994653587,Transpar√™ncia Brasil,"No √∫ltimo fim de semana, aconteceu a primeira Hackathon T√° de P√©, em que quatro equipes trabalharam muito ‚Äî e at√© viraram a noite! ‚Äî para desenvolver solu√ß√µes utilizando dados do nosso aplicativo. Parabenizamos a equipe vencedora, respons√°vel pelo projeto #T√°Bonito, e todos os participantes que dedicaram seu fim de semana a pensar em solu√ß√µes para a transpar√™ncia p√∫blica e o combate √† corrup√ß√£o.

Agradecemos especialmente √† equipe da Pand√¥ Apps que se engajou durante todo o fim de semana, √† Prefeitura de Itajub√° que nos recebeu t√£o bem em seu Teatro Municipal, aos nossos jurados convidados Ana Carolina da Hora (Olabi) e Davi Rios (Google) que toparam participar dessa maratona com a gente, e ao apoio do Google.org, Sedectes, INCIT, Sebrae Minas e Unifei - Universidade Federal de Itajub√°. At√© a pr√≥xima! #T√°deP√©",2017-10-03T17:51:41+0000,link,https://www.transparencia.org.br/blog/equipes-desenvolvem-solucoes-interativas-durante-primeira-hackathon-ta-de-pe/,280994653587_10155795503348588,,24,0,11,10155795503348588
280994653587,Transpar√™ncia Brasil,Baixe no seu celular Android e fa√ßa valer os seus direitos: https://goo.gl/qnHbXF Agora a tecnologia vai ajudar a sua escola ser entregue. Como? Com o APP T√° de P√©. Com ele voc√™ fiscaliza obras de escolas e creches p√∫blicas e pressiona o governo a entregar no prazo.  #T√°deP√© #Transpar√™nciaBrasil #FiqueNoP√© #Fiscaliza√ß√£o #Cidad√£o #APP,2017-10-02T14:00:00+0000,photo,https://www.facebook.com/brasil.transparencia/photos/a.10151083760558588/10155783822923588/?type=3,280994653587_10155783824503588,,970,0,8,10155783824503588
280994653587,Transpar√™ncia Brasil,"Estamos a todo vapor no segundo dia da Hackathon T√° de P√© em Itajub√° -MG , onde programadores est√£o desenvolvendo solu√ß√µes para a fiscaliza√ß√£o de obras de escolas e creches p√∫blicas!",2017-10-01T14:03:09+0000,photo,https://www.facebook.com/brasil.transparencia/photos/a.10155652761353588/10155789408563588/?type=3,280994653587_10155789408603588,Transpar√™ncia Brasil feeling confident with Pand√¥ Apps at Teatro Municipal Christiane Riera.,29,0,0,10155789408603588
280994653587,Transpar√™ncia Brasil,"Est√° acontecendo! 
Primeira Hackathon T√° de P√©",2017-09-30T13:09:52+0000,video,https://www.facebook.com/brasil.transparencia/videos/10155786440913588/,280994653587_10155786440913588,Transpar√™ncia Brasil was live ‚Äî attending Primeira Hackathon T√° de P√© - Transpar√™ncia Brasil e Pand√¥Apps at Teatro Municipal Christiane Riera.,20,2,2,10155786440913588
280994653587,Transpar√™ncia Brasil,"Baixe o APP T√° de P√©, e fiscalize: https://goo.gl/aDgywA Este √© o depoimento da Elizabete. D√° orgulho ver que os brasileiros est√£o fiscalizando e correndo atr√°s dos seus direitos. 

""Ainda bem que est√° terminando porque demorou bastante. Ser√° √≥timo, pois beneficia as pessoas que mais precisam, como m√£es que trabalham e precisam de creche para seus filhos"".

Fiscalize e mande o seu depoimento para a gente tamb√©m. #T√°deP√© #Transpar√™nciaBrasil #FiqueNoP√© #Fiscaliza√ß√£o #Cidad√£o #APP",2017-09-29T14:00:00+0000,photo,https://www.facebook.com/brasil.transparencia/photos/a.10151083760558588/10155783816413588/?type=3,280994653587_10155783817578588,,762,0,2,10155783817578588
280994653587,Transpar√™ncia Brasil,"O Conex√£o Futura conversou com nossa diretora de opera√ß√µes Juliana Sakai sobre o T√° de P√©, app de monitoramento de obras de creches e escolas financiadas pelo governo federal. J√° s√£o mais de mil downloads! Baixe e fiscalize voc√™ tamb√©m! #fiquenop√©",2017-09-27T20:34:37+0000,link,http://www.futuraplay.org/video/aplicativo-ajuda-a-fiscalizar-obras-de-escolas-e-creches-publicas/383661/,280994653587_10155779476703588,,34,1,16,10155779476703588
280994653587,Transpar√™ncia Brasil,Baixe o APP: https://goo.gl/zVKeee  Em Fortaleza-CE est√° acontecendo algo inaceit√°vel: a obra desta creche pr√©-escola deveria ter sido entregue h√° um ano e a Prefeitura diz que precisar√° de mais um ano para ficar pronta! Vamos acelerar essa entrega! Fiscalize e reclame! #T√°deP√©  #FiqueNoP√© #Transpar√™nciaBrasil #Fiscaliza√ß√£o #Cidad√£o #APP,2017-09-27T14:00:00+0000,photo,https://www.facebook.com/brasil.transparencia/photos/a.10151083760558588/10155777172443588/?type=3,280994653587_10155777174093588,,27,1,5,10155777174093588
280994653587,Transpar√™ncia Brasil,"Baixe o APP: https://goo.gl/GpxNwb  Professor, seus alunos precisam da sua ajuda. Use o APP T√° de P√© para fiscalizar a obra da escola ou creche da sua regi√£o. Contamos com voc√™ para escrever uma nova hist√≥ria para a educa√ß√£o no Brasil. #T√°deP√© #Transpar√™nciaBrasil #FiqueNoP√© #Fiscaliza√ß√£o #Cidad√£o #APP",2017-09-25T14:00:00+0000,photo,https://www.facebook.com/brasil.transparencia/photos/a.10151083760558588/10155772888158588/?type=3,280994653587_10155772891853588,,34,0,7,10155772891853588
280994653587,Transpar√™ncia Brasil,"Olha que absurdo: a escola Estrelinha do Saber de Irupi-ES, deveria ser entregue em um m√™s. H√° 3 meses n√£o h√° vistoria e j√° foram gastos R$ 900 mil! Fiscalize essa e outras obras no Esp√≠rito Santo com o APP T√° de P√©. Baixe o APP: https://goo.gl/31ZWwa #T√°deP√© #Transpar√™nciaBrasil #FiqueNoP√© #Fiscaliza√ß√£o #Cidad√£o #APP",2017-09-22T14:00:00+0000,video,https://www.facebook.com/brasil.transparencia/videos/10155763989533588/,280994653587_10155763989533588,,25,1,3,10155763989533588
280994653587,Transpar√™ncia Brasil,"Baixe o APP T√° de P√©: https://goo.gl/MgAF1X
Olha s√≥ o depoimento da Hortencia, que est√° no p√© da obra da creche do bairro dela em Paranagu√°-PR: 
‚ÄúA creche √© muito importante, j√° que vai abranger 4 bairros. (...) J√° come√ßou faz 8 anos... Duas empreiteiras come√ßaram e pararam... Agora iniciou novamente e a gente aguarda que seja inaugurada em dezembro. Estive l√° esses dias e estava bem adiantado o servi√ßo‚Äù. 
Fiscalize e mande o seu depoimento para a gente tamb√©m.  #T√°deP√© #Transpar√™nciaBrasil #FiqueNoP√© #Fiscaliza√ß√£o #Cidad√£o #APP",2017-09-20T14:04:11+0000,photo,https://www.facebook.com/brasil.transparencia/photos/a.10151083760558588/10155758563478588/?type=3,280994653587_10155758570683588,,120,2,18,10155758570683588
280994653587,Transpar√™ncia Brasil,"Baixe o APP: https://goo.gl/hwCXZn
O T√° de P√© saiu em um dos jornais de maior audi√™ncia no Brasil: O Globo. A mat√©ria relata os absurdos das creches e escolas que n√£o foram entregues. #T√°deP√© #Transpar√™nciaBrasil #FiqueNoP√© #Fiscaliza√ß√£o #Cidad√£o #APP",2017-09-19T14:38:22+0000,photo,https://www.facebook.com/brasil.transparencia/photos/a.10151083760558588/10155755661663588/?type=3,280994653587_10155755665758588,,201,1,15,10155755665758588
280994653587,Transpar√™ncia Brasil,"Tem crian√ßa que n√£o vai pra escola porque a obra nunca fica pronta. √â um absurdo!  Mas voc√™ pode mudar isso. Baixe o APP T√° de P√©, encontre obras de escola e creche em sua cidade, tire fotos e fiscalize. Unidos podemos mudar essa hist√≥ria. Baixe aqui: https://goo.gl/dDPX9E #T√°deP√© #Transpar√™nciaBrasil #FiqueNoP√© #Fiscaliza√ß√£o #Cidad√£o #APP",2017-09-15T14:00:00+0000,photo,https://www.facebook.com/brasil.transparencia/photos/a.10151083760558588/10155722974693588/?type=3,280994653587_10155722975853588,,2181,0,8,10155722975853588
280994653587,Transpar√™ncia Brasil,"O aplicativo T√° de P√©, da Transpar√™ncia Brasil, foi destaque na mat√©ria do jornal O Globo na √∫ltima segunda-feira. 
O aplicativo permite que cidad√£os monitorem obras de escolas e creches e ajudem a mudar a situa√ß√£o de munic√≠pios como Nova Igua√ßu (RJ), onde existem 9 obras de escolas e creches paralisadas.",2017-09-14T21:32:23+0000,link,https://oglobo.globo.com/rio/aplicativo-ajuda-monitorar-obras-de-creches-21806479,280994653587_10155742755183588,,19,0,4,10155742755183588
280994653587,Transpar√™ncia Brasil,"Conhece uma obra de escola ou creche que est√° parada? O material escolar ainda n√£o chegou? Fa√ßa um pedido de informa√ß√£o ao governo e descubra o motivo. 
Depois de fazer a solicita√ß√£o, voc√™ pode torn√°-la p√∫blica no Achados e Pedidos, nosso reposit√≥rio de pedidos de informa√ß√£o.
Veja aqui um pedido sobre piso salarial do magist√©rio feito pela A√ß√£o Educativa: http://bit.ly/2jrrHVr

(Designed by Vexels)",2017-09-14T14:00:07+0000,photo,https://www.facebook.com/brasil.transparencia/photos/a.10151083760558588/10155741743513588/?type=3,280994653587_10155741751968588,,17,0,5,10155741751968588
280994653587,Transpar√™ncia Brasil,A unidade da EMEI Favo de Mel em Gravata√≠-RS est√° inacabada. Isso tem que ser fiscalizado e a entrega precisa ser r√°pida. Baixe o APP T√° de P√© no seu celular Android e fiscalize. A gente precisa ficar no p√©. T√° com a gente nessa? Baixe aqui: https://goo.gl/AvL5wq #T√°deP√© #Transpar√™nciaBrasil #FiqueNoP√© #Fiscaliza√ß√£o #Cidad√£o #APP,2017-09-13T14:00:00+0000,photo,https://www.facebook.com/brasil.transparencia/photos/a.10151083760558588/10155722966358588/?type=3,280994653587_10155722969988588,,1992,0,8,10155722969988588
280994653587,Transpar√™ncia Brasil,"Inscri√ß√µes >>>  https://ingresseiro.com.br/evento/hackathon-transparencia-brasil . 
S√£o 40 vagas dispon√≠veis, sendo 10 vagas reservadas para mulheres e 10 vagas reservadas para pretos, pardos e ind√≠genas. 

Nos dias 30 de setembro e 1o. de outubro A Transpar√™ncia Brasil e a Pand√¥ Apps realizar√£o a Primeira Hackathon ‚ÄúT√° de P√©‚Äù no Teatro Christiane Ri√™ra em Itajub√°-MG. Os participantes ter√£o 24 horas para desenvolver solu√ß√µes utilizando informa√ß√µes das obras de escolas e creches p√∫blicas dispon√≠veis no aplicativo T√° de P√©. O evento conta com o apoio do Google.Org, SEBRAE, UNIFEI, INCIT e da Prefeitura Municipal de Itajub√°.

D√∫vidas sobre o evento dever√£o ser encaminhadas para tadepe@transparencia.org.br .

Conhe√ßa o regulamento do evento: https://goo.gl/jnQumC

Para saber mais sobre o aplicativo T√° de P√©, acesse www.tadepe.org.br.",2017-09-13T13:44:10+0000,event,https://www.facebook.com/events/1721257198170412/,280994653587_1721257198170412,Transpar√™ncia Brasil added an event.,13,1,0,1721257198170412
280994653587,Transpar√™ncia Brasil,"Conhece algu√©m interessado em cobrar e fiscalizar o poder p√∫blico e que more perto de Porto Alegre? J√° est√£o abertas as inscri√ß√µes para curso gratuito sobre a #LeideAcesso √† Informa√ß√£o! 

O curso acontece em 30 de setembro e faz parte do projeto #AchadosePedidos, portal que re√∫ne solicita√ß√µes de acesso √† informa√ß√£o de todo Brasil, uma parceria entre a Transpar√™ncia Brasil e a Abraji
Saiba mais no link: https://goo.gl/MZK4uu",2017-09-12T15:20:16+0000,photo,https://www.facebook.com/brasil.transparencia/photos/a.10151083760558588/10155736606458588/?type=3,280994653587_10155736608003588,,21,4,6,10155736608003588
280994653587,Transpar√™ncia Brasil,"A EMEI de Pelotas-RS est√° desse jeito: paralisada! Enquanto isso, cerca de 14.000 crian√ßas n√£o t√™m acesso a creches. Voc√™ pode fiscalizar e agilizar a entrega da EMEI. Baixe o APP T√° de P√© no seu Android e ajude a sua comunidade: https://goo.gl/s8cxFv #T√°deP√© #Transpar√™nciaBrasil #FiqueNoP√© #Fiscaliza√ß√£o #Cidad√£o #APP",2017-09-11T14:00:00+0000,photo,https://www.facebook.com/brasil.transparencia/photos/a.10151083760558588/10155722952518588/?type=3,280994653587_10155722953743588,,1936,0,5,10155722953743588
280994653587,Transpar√™ncia Brasil,Cobre a entrega da escola ou creche. Fiscalize voc√™ mesmo usando o APP T√° de P√©. √â f√°cil de usar e d√° resultado. Baixe agora mesmo no seu Android:  https://goo.gl/qtZsKx  #T√°deP√© #Transpar√™nciaBrasil #FiqueNoP√© #Fiscaliza√ß√£o #Cidad√£o #APP,2017-09-10T14:00:00+0000,video,https://www.facebook.com/brasil.transparencia/videos/10155722937263588/,280994653587_10155722937263588,,10,0,0,10155722937263588
280994653587,Transpar√™ncia Brasil,"A Unidade Proinf√¢ncia Jardim das Am√©ricas em Goio√™re-PR, est√° assim: ATRASADA. Morador, fiscalize pelo APP T√° de P√© e agilize a entrega desta obra na comunidade. Baixe gr√°tis no celular Android: https://goo.gl/FS7M8b  #T√°deP√© #Transpar√™nciaBrasil #FiqueNoP√© #Fiscaliza√ß√£o #Cidad√£o #APP",2017-09-09T14:00:00+0000,photo,https://www.facebook.com/brasil.transparencia/photos/a.10151083760558588/10155722919108588/?type=3,280994653587_10155722931298588,,4154,0,9,10155722931298588
280994653587,Transpar√™ncia Brasil,"O T√° de P√© √© um aplicativo criado para voc√™, aluno, fiscalizar obras de escolas em todo o Brasil. Baixe no seu celular Android e fa√ßa valer os seus diretos de cidad√£o. https://goo.gl/fwMTYU #T√°deP√© #Transpar√™nciaBrasil #FiqueNoP√© #Fiscaliza√ß√£o #Cidad√£o #APP",2017-09-07T14:00:26+0000,photo,https://www.facebook.com/brasil.transparencia/photos/a.10151083760558588/10155722852093588/?type=3,280994653587_10155722859233588,,4077,0,13,10155722859233588
280994653587,Transpar√™ncia Brasil,H√° 4 meses a obra da creche H√≠pica Pinheiro em Taubat√©-SP tinha ind√≠cios de atrasos. O prazo para a entrega √© dia 22 de dezembro! Ajude a fiscalizar e pressione a prefeitura para que a creche seja entregue a tempo! Baixe o T√° de P√© e fique no p√©! Comente:https://goo.gl/VvKFmW #T√°deP√© #Transpar√™nciaBrasil #FiqueNoP√© #Fiscaliza√ß√£o #Cidad√£o #APP,2017-09-05T15:53:45+0000,photo,https://www.facebook.com/brasil.transparencia/photos/a.10151083760558588/10155717717028588/?type=3,280994653587_10155717728333588,,3700,1,9,10155717728333588
280994653587,Transpar√™ncia Brasil,"Fa√ßa a sua parte, fiscalize obras de creches e escolas do governo para que n√£o fiquem paradas e  #FiqueNoP√©. Baixe o APP T√° De P√©  e comece a mudar a sua hist√≥ria: https://goo.gl/87gfWE #T√°deP√© #Transpar√™nciaBrasil #Fiscaliza√ß√£o #Cidad√£o #APP",2017-08-31T17:00:00+0000,video,https://www.facebook.com/brasil.transparencia/videos/10155702866653588/,280994653587_10155702866653588,,56,2,10,10155702866653588
280994653587,Transpar√™ncia Brasil,"Veja como √© simples usar o aplicativo T√° de P√© e cobrar as obras do governo:
1: Baixe o APP gr√°tis no seu celular Android https://goo.gl/V6tgYj  
2: Encontre pelo APP uma escola ou creche em constru√ß√£o perto de voc√™ e v√° at√© l√°.
3: Tire fotos da obra com o APP.
4: A Prefeitura tem 15 dias para responder e informar uma nova data de entrega da obra.
#T√°deP√© #Transpar√™nciaBrasil #FiqueNoP√© #Fiscaliza√ß√£o #Cidad√£o #APP",2017-08-30T17:00:43+0000,photo,https://www.facebook.com/brasil.transparencia/photos/a.10151083760558588/10155699946878588/?type=3,280994653587_10155699962208588,,3602,1,41,10155699962208588
280994653587,Transpar√™ncia Brasil,Chega de obra que n√£o sai. Isso mesmo. Baixe o aplicativo T√° de P√© e fiscalize constru√ß√µes de escolas e creches da onde voc√™ mora. √â f√°cil de usar e ajudar√° o Brasil a andar para frente: https://goo.gl/x9MGYX #T√°deP√© #Transpar√™nciaBrasil #FiqueNoP√© #Fiscaliza√ß√£o #Cidad√£o #APP,2017-08-28T14:00:30+0000,photo,https://www.facebook.com/brasil.transparencia/photos/a.10151083760558588/10155693306208588/?type=3,280994653587_10155693327158588,,5244,3,38,10155693327158588
280994653587,Transpar√™ncia Brasil,"Evento de um ano do Desafio Google de Impacto Social com o lan√ßamento do app vencedor, o ""T√° de P√©"", que permite o monitoramento cidad√£o da constru√ß√£o de escolas e creches do Brasil.  Baixe aqui e fa√ßa parte desse movimento: https://goo.gl/SnbDaq",2017-08-24T22:49:53+0000,video,https://www.facebook.com/GoogleBrasil/videos/1738591549778113/,280994653587_10155683307168588,Transpar√™ncia Brasil shared a video.,16,2,0,10155683307168588
280994653587,Transpar√™ncia Brasil,"Todo dia voc√™ passa e nada da escola ou creche ficarem prontas? Voc√™ pode fiscalizar. Com a sua ajuda, essas obras podem ficar prontas rapidinho. Quer saber como? Baixe o APP T√° de P√©, busque a obra perto de voc√™ e fiscalize. Sua ajuda vai fazer da sua cidade um lugar melhor. Baixe o APP: http://bit.ly/2vqlf59 #T√°deP√© #Transpar√™nciaBrasil #FiqueNoP√© #Fiscaliza√ß√£o #Cidad√£o #APP",2017-08-24T12:00:09+0000,photo,https://www.facebook.com/brasil.transparencia/photos/a.10151083760558588/10155681581758588/?type=3,280994653587_10155681588283588,,4722,3,48,10155681588283588
280994653587,Transpar√™ncia Brasil,"Com o aplicativo T√° De P√©, voc√™ e a sua comunidade poder√£o fiscalizar e ficar no p√© para pressionar pela entrega de obras de creches e escolas. E tudo confidencial. Baixe o APP e ajude a construir um Brasil melhor: http://bit.ly/2vqlf59 #T√°deP√© #Transpar√™nciaBrasil #FiqueNoP√© #Fiscaliza√ß√£o #Cidad√£o #APP",2017-08-22T16:49:04+0000,video,https://www.facebook.com/brasil.transparencia/videos/10155676365843588/,280994653587_10155676365843588,,41,1,18,10155676365843588
280994653587,Transpar√™ncia Brasil,Voc√™ sabia que 46% das obras de creches e escolas financiadas pelo Governo Federal est√£o paradas ou atrasadas? Voc√™ pode mudar essa realidade. Baixe o aplicativo T√° de P√© e ajude a sua comunidade a cobrar a entrega dessas obras. Conhe√ßa o APP: http://bit.ly/2vqlf59 #T√°deP√© #Transpar√™nciaBrasil #FiqueNoP√© #Fiscaliza√ß√£o #Cidad√£o #APP,2017-08-20T14:04:11+0000,photo,https://www.facebook.com/brasil.transparencia/photos/a.10151083760558588/10155670276658588/?type=3,280994653587_10155670282598588,,5335,4,37,10155670282598588
280994653587,Transpar√™ncia Brasil,"Dinheiro p√∫blico n√£o nasce em √°rvore, por isso, a gente tem que ficar no p√©. Com o APP T√° de P√©, voc√™ fiscaliza e cobra a entrega daquela obra. Quer mais? √â tudo confidencial. Baixe e participe desse movimento por uma educa√ß√£o melhor no Brasil http://bit.ly/2vqlf59 #T√°deP√© #Transpar√™nciaBrasil #FiqueNoP√© #Fiscaliza√ß√£o #Cidad√£o #APP",2017-08-19T13:00:00+0000,photo,https://www.facebook.com/brasil.transparencia/photos/a.10151083760558588/10155665568823588/?type=3,280994653587_10155665585853588,,358,0,25,10155665585853588
280994653587,Transpar√™ncia Brasil,Conhe√ßa o APP que fiscaliza e cobra as obras de creches e escolas p√∫blicas. Assistam! Baixe aqui: http://bit.ly/2wWrwUI  #T√°deP√© #Transpar√™nciaBrasil,2017-08-18T17:06:26+0000,video,https://youtu.be/AGjglveOsKI,280994653587_10155664923803588,,4312,2,65,10155664923803588
280994653587,Transpar√™ncia Brasil,"Quer pressionar o governo a entregar aquela obra perto da sua casa que nunca termina? Baixe o aplicativo T√° de P√©. Com ele, voc√™ fiscaliza e cobra a entrega de obras de escolas e creches. Baixe no seu Android: http://bit.ly/2vqlf59 #T√°deP√© #Transpar√™nciaBrasil #FiqueNoP√© #Fiscaliza√ß√£o #Cidad√£o #APP",2017-08-16T16:57:08+0000,photo,https://www.facebook.com/brasil.transparencia/photos/a.10151083760558588/10155659209908588/?type=3,280994653587_10155659221198588,,4029,2,68,10155659221198588
280994653587,Transpar√™ncia Brasil,"46% das obras de creches e escolas financiadas pelo governo federal est√£o paradas ou atrasadas, e at√© agora foram gastos cerca de R$1,5 bi em obras paradas. Os dados fazem parte do relat√≥rio da Transpar√™ncia Brasil para o projeto #T√°deP√©. Para m√£es entrevistadas, a falta de creches as impede de procurar emprego.
Veja a reportagem completa abaixo, destaque no Bom Dia Brasil:",2017-08-14T13:03:48+0000,video,http://g1.globo.com/bom-dia-brasil/videos/t/edicoes/v/metade-das-creches-municipais-financiadas-pelo-governo-em-10-anos-nao-esta-pronta/6076167/,280994653587_10155653113458588,,32,3,26,10155653113458588
280994653587,Transpar√™ncia Brasil,"Voc√™ vai conhecer uma novidade que vai mudar o jeito do brasileiro de fiscalizar as obras do governo: o APP T√° de P√©, criado pela Transpar√™ncia Brasil. Os cidad√£os poder√£o monitorar obras de escolas e creches municipais financiadas pelo Governo Federal. E o melhor, sem expor informa√ß√µes de quem est√° no p√©. Fique ligado. 
Baixe agora: http://bit.ly/2vqlf59 #T√°deP√© #Transpar√™nciaBrasil #FiqueNoP√© #Fiscaliza√ß√£o #Cidad√£o #APP",2017-08-14T10:00:00+0000,photo,https://www.facebook.com/brasil.transparencia/photos/a.10151083760558588/10155651926493588/?type=3,280994653587_10155651929008588,,66,2,47,10155651929008588
